SUMLEV,STATE,COUNTY,STNAME,CTYNAME,YEAR,AGEGRP,TOT_POP,TOT_MALE,TOT_FEMALE,WA_MALE,WA_FEMALE,BA_MALE,BA_FEMALE,IA_MALE,IA_FEMALE,AA_MALE,AA_FEMALE,NA_MALE,NA_FEMALE,TOM_MALE,TOM_FEMALE
50,27,1,Minnesota,Aitkin County,1,0,16202,8205,7997,7871,7646,34,26,201,191,8,19,0,4,91,111
50,27,1,Minnesota,Aitkin County,4,0,16167,8193,7974,7848,7607,37,30,202,199,9,20,0,4,97,114
50,27,1,Minnesota,Aitkin County,5,0,16034,8142,7892,7779,7521,41,31,197,196,14,22,0,4,111,118
50,27,1,Minnesota,Aitkin County,6,0,15871,8047,7824,7690,7438,39,33,195,205,15,20,1,4,107,124
50,27,1,Minnesota,Aitkin County,7,0,15848,8025,7823,7654,7406,39,34,204,220,15,20,1,4,112,139
50,27,1,Minnesota,Aitkin County,8,0,15855,8032,7823,7653,7384,45,34,204,235,17,25,1,4,112,141
50,27,1,Minnesota,Aitkin County,9,0,15757,7959,7798,7597,7359,48,40,189,234,18,27,2,4,105,134
50,27,1,Minnesota,Aitkin County,10,0,15809,8005,7804,7633,7368,53,38,196,232,20,26,2,4,101,136
50,27,1,Minnesota,Aitkin County,11,0,15902,8034,7868,7644,7438,47,33,200,221,23,28,1,5,119,143
50,27,3,Minnesota,Anoka County,1,0,330844,165327,165517,146226,146325,7609,7193,1282,1230,6330,6792,71,58,3809,3919
50,27,3,Minnesota,Anoka County,4,0,332876,166289,166587,146562,146618,7919,7566,1281,1277,6409,6976,87,72,4031,4078
50,27,3,Minnesota,Anoka County,5,0,336093,167980,168113,147444,147394,8348,7917,1305,1331,6599,7192,89,74,4195,4205
50,27,3,Minnesota,Anoka County,6,0,339099,169504,169595,148238,148226,8766,8266,1340,1323,6723,7384,94,76,4343,4320
50,27,3,Minnesota,Anoka County,7,0,341911,170852,171059,148721,148704,9343,8919,1398,1367,6810,7529,94,80,4486,4460
50,27,3,Minnesota,Anoka County,8,0,344246,172108,172138,148934,148877,9978,9406,1489,1461,7008,7724,95,83,4604,4587
50,27,3,Minnesota,Anoka County,9,0,346665,173391,173274,149040,148800,10631,10126,1513,1475,7370,8066,98,85,4739,4722
50,27,3,Minnesota,Anoka County,10,0,350521,175311,175210,149511,149169,11598,11044,1534,1514,7719,8482,107,88,4842,4913
50,27,3,Minnesota,Anoka County,11,0,353813,176976,176837,149705,149379,12433,11850,1540,1546,8126,8872,117,100,5055,5090
50,27,5,Minnesota,Becker County,1,0,32504,16314,16190,14497,14307,79,65,1205,1269,53,74,4,5,476,470
50,27,5,Minnesota,Becker County,4,0,32762,16418,16344,14529,14420,90,74,1237,1288,60,75,4,5,498,482
50,27,5,Minnesota,Becker County,5,0,32988,16466,16522,14536,14528,88,68,1257,1332,58,81,6,5,521,508
50,27,5,Minnesota,Becker County,6,0,33178,16569,16609,14586,14531,101,87,1288,1393,66,84,6,6,522,508
50,27,5,Minnesota,Becker County,7,0,33256,16607,16649,14620,14568,102,83,1278,1385,68,99,5,5,534,509
50,27,5,Minnesota,Becker County,8,0,33442,16678,16764,14652,14633,116,100,1275,1398,75,94,5,6,555,533
50,27,5,Minnesota,Becker County,9,0,33719,16822,16897,14784,14759,115,91,1277,1393,80,102,5,7,561,545
50,27,5,Minnesota,Becker County,10,0,34075,16996,17079,14911,14902,139,95,1289,1413,77,98,5,8,575,563
50,27,5,Minnesota,Becker County,11,0,34371,17140,17231,14996,14995,144,98,1332,1454,81,98,4,8,583,578
50,27,7,Minnesota,Beltrami County,1,0,44442,22184,22258,16689,16748,173,98,4514,4543,129,182,11,7,668,680
50,27,7,Minnesota,Beltrami County,4,0,45045,22526,22519,16845,16811,175,103,4662,4730,139,173,13,8,692,694
50,27,7,Minnesota,Beltrami County,5,0,45140,22550,22590,16809,16802,177,104,4707,4820,137,177,13,6,707,681
50,27,7,Minnesota,Beltrami County,6,0,45484,22662,22822,16771,16877,194,117,4843,4956,139,189,12,6,703,677
50,27,7,Minnesota,Beltrami County,7,0,45635,22735,22900,16766,16923,204,136,4885,4961,135,188,12,6,733,686
50,27,7,Minnesota,Beltrami County,8,0,45604,22765,22839,16721,16748,204,140,4975,5040,134,197,12,6,719,708
50,27,7,Minnesota,Beltrami County,9,0,46016,22911,23105,16794,16875,207,148,5033,5142,143,213,12,6,722,721
50,27,7,Minnesota,Beltrami County,10,0,46484,23204,23280,16959,17000,222,152,5125,5183,138,209,12,6,748,730
50,27,7,Minnesota,Beltrami County,11,0,46847,23406,23441,17126,17139,234,142,5126,5165,137,215,15,7,768,773
50,27,9,Minnesota,Benton County,1,0,38451,19277,19174,18270,18260,457,301,64,95,225,204,2,2,259,312
50,27,9,Minnesota,Benton County,4,0,38730,19376,19354,18320,18361,497,335,61,110,229,223,2,3,267,322
50,27,9,Minnesota,Benton County,5,0,38672,19372,19300,18283,18288,544,351,59,99,206,219,2,3,278,340
50,27,9,Minnesota,Benton County,6,0,38977,19522,19455,18390,18397,535,360,72,107,205,225,2,3,318,363
50,27,9,Minnesota,Benton County,7,0,39141,19617,19524,18366,18363,616,455,85,107,212,230,2,3,336,366
50,27,9,Minnesota,Benton County,8,0,39412,19782,19630,18429,18343,721,553,93,119,193,224,2,3,344,388
50,27,9,Minnesota,Benton County,9,0,39670,19922,19748,18388,18317,839,635,111,146,212,248,3,3,369,399
50,27,9,Minnesota,Benton County,10,0,40127,20104,20023,18446,18430,946,752,115,143,216,270,4,3,377,425
50,27,9,Minnesota,Benton County,11,0,40545,20233,20312,18520,18609,997,859,121,144,208,270,8,4,379,426
50,27,11,Minnesota,Big Stone County,1,0,5269,2575,2694,2535,2655,10,1,12,14,1,4,0,0,17,20
50,27,11,Minnesota,Big Stone County,4,0,5206,2541,2665,2500,2627,10,1,12,12,1,5,0,0,18,20
50,27,11,Minnesota,Big Stone County,5,0,5133,2514,2619,2468,2574,11,3,14,17,3,6,0,0,18,19
50,27,11,Minnesota,Big Stone County,6,0,5069,2480,2589,2430,2547,12,4,16,17,2,5,0,0,20,16
50,27,11,Minnesota,Big Stone County,7,0,5087,2502,2585,2446,2538,15,9,16,15,5,6,0,0,20,17
50,27,11,Minnesota,Big Stone County,8,0,4992,2467,2525,2410,2479,14,5,16,15,5,7,1,0,21,19
50,27,11,Minnesota,Big Stone County,9,0,5002,2468,2534,2409,2485,18,5,15,16,5,7,1,0,20,21
50,27,11,Minnesota,Big Stone County,10,0,5011,2493,2518,2430,2470,16,8,20,14,5,7,0,0,22,19
50,27,11,Minnesota,Big Stone County,11,0,4989,2475,2514,2404,2464,17,7,17,16,5,7,0,0,32,20
50,27,13,Minnesota,Blue Earth County,1,0,64013,32209,31804,29968,29887,1003,788,102,90,671,599,12,11,453,429
50,27,13,Minnesota,Blue Earth County,4,0,64347,32388,31959,29957,29975,1059,827,113,98,785,608,13,12,461,439
50,27,13,Minnesota,Blue Earth County,5,0,64966,32708,32258,30134,30131,1137,907,125,100,785,638,15,16,512,466
50,27,13,Minnesota,Blue Earth County,6,0,64734,32637,32097,29938,29879,1242,953,129,104,792,646,14,17,522,498
50,27,13,Minnesota,Blue Earth County,7,0,65296,32884,32412,30055,30042,1305,1034,132,110,804,694,13,16,575,516
50,27,13,Minnesota,Blue Earth County,8,0,65658,33052,32606,30163,30129,1342,1088,126,107,822,712,14,18,585,552
50,27,13,Minnesota,Blue Earth County,9,0,66343,33459,32884,30460,30254,1410,1166,127,116,825,731,17,22,620,595
50,27,13,Minnesota,Blue Earth County,10,0,66887,33753,33134,30554,30326,1523,1266,140,120,830,769,19,25,687,628
50,27,13,Minnesota,Blue Earth County,11,0,67427,33935,33492,30647,30561,1513,1315,150,116,853,783,21,26,751,691
50,27,15,Minnesota,Brown County,1,0,25893,12856,13037,12654,12831,40,26,18,16,65,90,4,2,75,72
50,27,15,Minnesota,Brown County,4,0,25655,12776,12879,12552,12664,44,26,24,16,69,90,4,2,83,81
50,27,15,Minnesota,Brown County,5,0,25412,12639,12773,12411,12551,51,33,27,17,72,93,4,2,74,77
50,27,15,Minnesota,Brown County,6,0,25266,12588,12678,12344,12448,51,33,28,17,81,97,4,2,80,81
50,27,15,Minnesota,Brown County,7,0,25271,12594,12677,12322,12436,59,36,31,27,89,90,4,2,89,86
50,27,15,Minnesota,Brown County,8,0,25237,12593,12644,12289,12388,64,40,33,33,103,92,5,2,99,89
50,27,15,Minnesota,Brown County,9,0,25262,12581,12681,12260,12408,72,50,30,35,109,93,5,2,105,93
50,27,15,Minnesota,Brown County,10,0,25172,12550,12622,12220,12317,75,54,31,38,105,94,5,2,114,117
50,27,15,Minnesota,Brown County,11,0,25111,12509,12602,12165,12318,86,52,31,42,114,91,5,2,108,97
50,27,17,Minnesota,Carlton County,1,0,35386,18413,16973,16336,15470,465,34,1124,973,82,78,5,1,401,417
50,27,17,Minnesota,Carlton County,4,0,35438,18481,16957,16390,15432,479,36,1122,993,88,80,4,1,398,415
50,27,17,Minnesota,Carlton County,5,0,35268,18419,16849,16299,15343,491,40,1140,971,88,80,5,1,396,414
50,27,17,Minnesota,Carlton County,6,0,35270,18459,16811,16277,15273,525,45,1143,989,90,80,4,1,420,423
50,27,17,Minnesota,Carlton County,7,0,35367,18541,16826,16332,15267,523,46,1147,995,96,85,4,1,439,432
50,27,17,Minnesota,Carlton County,8,0,35407,18566,16841,16366,15261,525,47,1137,1006,94,82,4,1,440,444
50,27,17,Minnesota,Carlton County,9,0,35554,18619,16935,16427,15354,508,48,1124,990,105,82,5,2,450,459
50,27,17,Minnesota,Carlton County,10,0,35534,18566,16968,16349,15374,527,53,1125,1000,106,83,5,2,454,456
50,27,17,Minnesota,Carlton County,11,0,35837,18690,17147,16439,15533,541,61,1138,998,109,87,5,2,458,466
50,27,19,Minnesota,Carver County,1,0,91042,45236,45806,42690,43129,600,565,121,126,1172,1356,12,13,641,617
50,27,19,Minnesota,Carver County,4,0,92812,46063,46749,43367,43932,655,593,150,140,1195,1404,16,17,680,663
50,27,19,Minnesota,Carver County,5,0,93863,46576,47287,43844,44395,652,610,156,131,1191,1440,15,18,718,693
50,27,19,Minnesota,Carver County,6,0,95611,47566,48045,44712,45052,720,639,155,122,1207,1482,15,17,757,733
50,27,19,Minnesota,Carver County,7,0,97363,48378,48985,45379,45820,787,703,149,124,1243,1544,16,18,804,776
50,27,19,Minnesota,Carver County,8,0,98635,49032,49603,45830,46206,870,793,146,129,1298,1627,18,19,870,829
50,27,19,Minnesota,Carver County,9,0,100380,49796,50584,46427,46966,920,908,172,139,1361,1674,18,20,898,877
50,27,19,Minnesota,Carver County,10,0,102150,50680,51470,47081,47611,1011,992,188,136,1453,1781,24,19,923,931
50,27,19,Minnesota,Carver County,11,0,103551,51395,52156,47597,48063,1081,1100,195,135,1536,1875,23,19,963,964
50,27,21,Minnesota,Cass County,1,0,28567,14603,13964,12647,11946,33,29,1580,1642,31,57,2,1,310,289
50,27,21,Minnesota,Cass County,4,0,28382,14505,13877,12454,11804,43,35,1637,1659,38,60,2,1,331,318
50,27,21,Minnesota,Cass County,5,0,28406,14490,13916,12404,11782,46,45,1672,1716,40,61,2,1,326,311
50,27,21,Minnesota,Cass County,6,0,28483,14495,13988,12385,11736,46,44,1714,1815,45,62,2,2,303,329
50,27,21,Minnesota,Cass County,7,0,28552,14501,14051,12326,11790,49,42,1765,1821,42,62,2,2,317,334
50,27,21,Minnesota,Cass County,8,0,28687,14644,14043,12359,11791,57,40,1827,1817,42,57,3,3,356,335
50,27,21,Minnesota,Cass County,9,0,29015,14822,14193,12495,11927,63,46,1851,1849,45,58,3,3,365,310
50,27,21,Minnesota,Cass County,10,0,29336,14967,14369,12608,12066,71,62,1845,1858,52,64,3,4,388,315
50,27,21,Minnesota,Cass County,11,0,29519,15078,14441,12722,12123,72,69,1843,1853,54,68,2,3,385,325
50,27,23,Minnesota,Chippewa County,1,0,12441,6102,6339,5874,6094,40,27,54,70,24,34,49,50,61,64
50,27,23,Minnesota,Chippewa County,4,0,12311,6054,6257,5796,5987,46,32,55,67,32,37,50,55,75,79
50,27,23,Minnesota,Chippewa County,5,0,12117,5954,6163,5687,5901,50,31,57,68,36,41,54,55,70,67
50,27,23,Minnesota,Chippewa County,6,0,12069,5964,6105,5684,5832,49,36,61,75,38,42,53,49,79,71
50,27,23,Minnesota,Chippewa County,7,0,12050,5971,6079,5670,5780,54,33,68,79,41,45,56,54,82,88
50,27,23,Minnesota,Chippewa County,8,0,12077,5953,6124,5618,5799,60,41,71,76,47,48,67,64,90,96
50,27,23,Minnesota,Chippewa County,9,0,12039,5967,6072,5621,5740,53,46,76,72,50,48,70,67,97,99
50,27,23,Minnesota,Chippewa County,10,0,11958,5950,6008,5586,5647,62,47,84,73,48,52,75,80,95,109
50,27,23,Minnesota,Chippewa County,11,0,11924,5986,5938,5587,5576,63,41,92,73,50,54,86,85,108,109
50,27,25,Minnesota,Chisago County,1,0,53887,27740,26147,26428,25353,555,98,232,104,213,273,4,7,308,312
50,27,25,Minnesota,Chisago County,4,0,53753,27742,26011,26397,25194,568,104,235,111,216,282,4,10,322,310
50,27,25,Minnesota,Chisago County,5,0,53464,27543,25921,26211,25109,573,113,234,118,201,270,7,12,317,299
50,27,25,Minnesota,Chisago County,6,0,53658,27716,25942,26339,25116,582,109,247,114,194,268,6,11,348,324
50,27,25,Minnesota,Chisago County,7,0,53797,27788,26009,26356,25125,587,113,260,124,214,297,6,11,365,339
50,27,25,Minnesota,Chisago County,8,0,54113,27974,26139,26500,25230,597,112,248,114,248,335,7,12,374,336
50,27,25,Minnesota,Chisago County,9,0,54588,28278,26310,26753,25374,613,119,255,114,247,317,9,11,401,375
50,27,25,Minnesota,Chisago County,10,0,55214,28547,26667,26936,25638,615,144,262,126,281,350,10,13,443,396
50,27,25,Minnesota,Chisago County,11,0,55922,28861,27061,27181,25960,622,144,278,132,317,387,10,14,453,424
50,27,27,Minnesota,Clay County,1,0,58999,29137,29862,27196,28086,514,356,406,415,436,435,16,13,569,557
50,27,27,Minnesota,Clay County,4,0,59911,29522,30389,27538,28511,520,375,459,441,425,434,17,13,563,615
50,27,27,Minnesota,Clay County,5,0,60187,29629,30558,27552,28665,553,348,473,458,433,426,19,13,599,648
50,27,27,Minnesota,Clay County,6,0,60519,29814,30705,27639,28701,619,403,503,508,428,429,18,12,607,652
50,27,27,Minnesota,Clay County,7,0,61238,30182,31056,27813,28891,734,473,525,555,451,417,18,12,641,708
50,27,27,Minnesota,Clay County,8,0,62146,30589,31557,28044,29171,881,626,542,576,436,438,22,14,664,732
50,27,27,Minnesota,Clay County,9,0,62983,31076,31907,28247,29330,1100,803,580,560,428,440,22,17,699,757
50,27,27,Minnesota,Clay County,10,0,63682,31495,32187,28436,29418,1248,986,586,565,435,438,26,18,764,762
50,27,27,Minnesota,Clay County,11,0,63955,31670,32285,28437,29307,1385,1118,597,577,453,462,31,19,767,802
50,27,29,Minnesota,Clearwater County,1,0,8695,4374,4321,3856,3762,18,13,388,399,6,16,1,0,105,131
50,27,29,Minnesota,Clearwater County,4,0,8719,4378,4341,3849,3777,16,17,394,391,7,18,1,0,111,138
50,27,29,Minnesota,Clearwater County,5,0,8676,4390,4286,3838,3737,18,7,402,389,9,18,1,0,122,135
50,27,29,Minnesota,Clearwater County,6,0,8782,4436,4346,3864,3768,26,15,405,400,9,18,2,0,130,145
50,27,29,Minnesota,Clearwater County,7,0,8789,4444,4345,3825,3750,28,17,434,410,9,18,2,0,146,150
50,27,29,Minnesota,Clearwater County,8,0,8796,4447,4349,3830,3745,30,17,422,414,10,18,2,0,153,155
50,27,29,Minnesota,Clearwater County,9,0,8830,4489,4341,3870,3732,33,22,426,418,11,18,3,0,146,151
50,27,29,Minnesota,Clearwater County,10,0,8837,4496,4341,3869,3732,37,26,420,407,11,18,2,0,157,158
50,27,29,Minnesota,Clearwater County,11,0,8810,4504,4306,3856,3700,41,25,419,403,11,18,1,0,176,160
50,27,31,Minnesota,Cook County,1,0,5176,2584,2592,2290,2280,9,14,217,233,8,19,1,2,59,44
50,27,31,Minnesota,Cook County,4,0,5209,2610,2599,2293,2283,12,12,227,233,10,20,1,3,67,48
50,27,31,Minnesota,Cook County,5,0,5180,2583,2597,2260,2276,17,19,222,227,11,21,1,3,72,51
50,27,31,Minnesota,Cook County,6,0,5185,2574,2611,2256,2290,15,20,217,226,8,19,1,3,77,53
50,27,31,Minnesota,Cook County,7,0,5241,2610,2631,2277,2290,14,25,234,230,10,25,1,3,74,58
50,27,31,Minnesota,Cook County,8,0,5228,2617,2611,2293,2299,19,15,225,213,9,26,1,3,70,55
50,27,31,Minnesota,Cook County,9,0,5309,2652,2657,2326,2324,25,17,219,223,11,28,1,3,70,62
50,27,31,Minnesota,Cook County,10,0,5384,2680,2704,2348,2351,21,25,219,231,13,31,1,1,78,65
50,27,31,Minnesota,Cook County,11,0,5393,2698,2695,2347,2324,29,26,223,237,14,32,1,1,84,75
50,27,33,Minnesota,Cottonwood County,1,0,11687,5763,5924,5463,5625,47,40,17,12,161,164,13,6,62,77
50,27,33,Minnesota,Cottonwood County,4,0,11712,5787,5925,5443,5618,62,39,26,17,176,163,13,5,67,83
50,27,33,Minnesota,Cottonwood County,5,0,11573,5707,5866,5355,5536,63,48,29,21,174,164,12,6,74,91
50,27,33,Minnesota,Cottonwood County,6,0,11554,5732,5822,5367,5477,61,44,27,24,185,174,12,8,80,95
50,27,33,Minnesota,Cottonwood County,7,0,11506,5690,5816,5302,5446,67,47,25,28,199,187,15,9,82,99
50,27,33,Minnesota,Cottonwood County,8,0,11426,5662,5764,5237,5375,70,56,34,33,213,193,19,9,89,98
50,27,33,Minnesota,Cottonwood County,9,0,11376,5671,5705,5247,5297,69,45,43,40,195,210,21,9,96,104
50,27,33,Minnesota,Cottonwood County,10,0,11277,5613,5664,5149,5246,72,45,50,43,210,221,25,10,107,99
50,27,33,Minnesota,Cottonwood County,11,0,11277,5636,5641,5143,5193,80,52,50,44,223,233,26,12,114,107
50,27,35,Minnesota,Crow Wing County,1,0,62500,31133,31367,30121,30401,204,119,262,274,102,140,7,10,437,423
50,27,35,Minnesota,Crow Wing County,4,0,62666,31219,31447,30161,30433,218,131,281,297,110,154,7,12,442,420
50,27,35,Minnesota,Crow Wing County,5,0,62802,31311,31491,30269,30458,232,141,268,288,95,161,7,12,440,431
50,27,35,Minnesota,Crow Wing County,6,0,62993,31396,31597,30282,30523,237,138,286,304,103,170,9,9,479,453
50,27,35,Minnesota,Crow Wing County,7,0,63099,31436,31663,30299,30528,244,168,296,318,107,160,8,10,482,479
50,27,35,Minnesota,Crow Wing County,8,0,63231,31477,31754,30311,30581,274,186,277,323,104,178,9,10,502,476
50,27,35,Minnesota,Crow Wing County,9,0,63739,31773,31966,30551,30744,303,182,291,332,102,185,8,10,518,513
50,27,35,Minnesota,Crow Wing County,10,0,64315,32044,32271,30764,31012,318,187,303,347,118,192,13,13,528,520
50,27,35,Minnesota,Crow Wing County,11,0,64889,32283,32606,30980,31322,347,204,302,340,120,196,10,12,524,532
50,27,37,Minnesota,Dakota County,1,0,398552,195661,202891,171553,177818,9802,9499,1013,1019,8376,9481,137,120,4780,4954
50,27,37,Minnesota,Dakota County,4,0,401738,197295,204443,172299,178447,10274,9969,1053,1047,8597,9742,175,143,4897,5095
50,27,37,Minnesota,Dakota County,5,0,404617,198696,205921,172955,179138,10789,10372,1040,1080,8693,9875,149,145,5070,5311
50,27,37,Minnesota,Dakota County,6,0,407929,200603,207326,173941,179731,11304,10894,1053,1103,8863,10041,142,154,5300,5403
50,27,37,Minnesota,Dakota County,7,0,411790,202440,209350,174746,180663,11861,11457,1096,1131,9082,10343,141,147,5514,5609
50,27,37,Minnesota,Dakota County,8,0,414240,203749,210491,174758,180568,12581,12185,1118,1182,9446,10642,158,147,5688,5767
50,27,37,Minnesota,Dakota County,9,0,417732,205593,212139,175259,180929,13468,13003,1166,1207,9695,10940,171,160,5834,5900
50,27,37,Minnesota,Dakota County,10,0,421821,207924,213897,175958,181333,14491,13770,1208,1285,10009,11255,171,169,6087,6085
50,27,37,Minnesota,Dakota County,11,0,425423,209855,215568,176280,181497,15362,14628,1296,1350,10458,11673,189,193,6270,6227
50,27,39,Minnesota,Dodge County,1,0,20087,10039,10048,9841,9792,45,35,23,34,29,61,0,4,101,122
50,27,39,Minnesota,Dodge County,4,0,20197,10098,10099,9883,9834,51,40,26,35,32,63,0,4,106,123
50,27,39,Minnesota,Dodge County,5,0,20266,10117,10149,9886,9850,63,46,27,43,33,72,0,4,108,134
50,27,39,Minnesota,Dodge County,6,0,20334,10149,10185,9903,9867,75,52,29,42,32,73,0,4,110,147
50,27,39,Minnesota,Dodge County,7,0,20381,10173,10208,9922,9886,74,59,31,44,28,65,0,4,118,150
50,27,39,Minnesota,Dodge County,8,0,20417,10225,10192,9950,9870,80,49,32,43,28,69,0,4,135,157
50,27,39,Minnesota,Dodge County,9,0,20555,10290,10265,9999,9921,81,52,39,48,41,82,0,4,130,158
50,27,39,Minnesota,Dodge County,10,0,20737,10365,10372,10061,9994,84,52,41,48,45,107,0,4,134,167
50,27,39,Minnesota,Dodge County,11,0,20822,10395,10427,10072,10027,88,59,41,49,49,109,0,4,145,179
50,27,41,Minnesota,Douglas County,1,0,36009,18057,17952,17675,17589,101,57,60,60,73,94,3,2,145,150
50,27,41,Minnesota,Douglas County,4,0,36175,18162,18013,17748,17640,104,59,66,59,77,97,4,2,163,156
50,27,41,Minnesota,Douglas County,5,0,36287,18175,18112,17734,17724,118,74,70,60,74,92,8,4,171,158
50,27,41,Minnesota,Douglas County,6,0,36343,18197,18146,17743,17764,112,69,71,55,82,94,5,2,184,162
50,27,41,Minnesota,Douglas County,7,0,36568,18290,18278,17840,17875,111,80,74,60,80,92,4,2,181,169
50,27,41,Minnesota,Douglas County,8,0,36782,18398,18384,17921,17950,113,88,78,65,80,94,4,2,202,185
50,27,41,Minnesota,Douglas County,9,0,37147,18599,18548,18116,18089,117,94,81,68,76,95,7,2,202,200
50,27,41,Minnesota,Douglas County,10,0,37556,18757,18799,18255,18323,122,93,81,70,81,103,11,6,207,204
50,27,41,Minnesota,Douglas County,11,0,37964,18993,18971,18471,18482,132,95,79,68,88,107,10,3,213,216
50,27,43,Minnesota,Faribault County,1,0,14553,7231,7322,7088,7200,33,19,32,37,20,23,0,0,58,43
50,27,43,Minnesota,Faribault County,4,0,14460,7194,7266,7055,7126,36,24,30,39,19,24,0,1,54,52
50,27,43,Minnesota,Faribault County,5,0,14177,7055,7122,6900,6962,41,26,34,52,21,24,0,2,59,56
50,27,43,Minnesota,Faribault County,6,0,14101,6999,7102,6835,6943,40,23,36,51,25,29,0,2,63,54
50,27,43,Minnesota,Faribault County,7,0,14106,6981,7125,6795,6943,52,31,41,56,24,29,1,2,68,64
50,27,43,Minnesota,Faribault County,8,0,13981,6923,7058,6731,6874,55,31,46,57,24,33,1,1,66,62
50,27,43,Minnesota,Faribault County,9,0,13869,6900,6969,6699,6778,57,33,46,56,23,31,1,2,74,69
50,27,43,Minnesota,Faribault County,10,0,13764,6885,6879,6677,6667,49,35,52,58,23,33,0,3,84,83
50,27,43,Minnesota,Faribault County,11,0,13758,6875,6883,6660,6652,56,36,53,57,18,36,0,3,88,99
50,27,45,Minnesota,Fillmore County,1,0,20866,10370,10496,10223,10335,37,17,14,15,27,47,1,0,68,82
50,27,45,Minnesota,Fillmore County,4,0,20834,10394,10440,10242,10272,41,19,14,15,27,52,1,0,69,82
50,27,45,Minnesota,Fillmore County,5,0,20831,10439,10392,10269,10218,51,19,16,16,27,55,1,0,75,84
50,27,45,Minnesota,Fillmore County,6,0,20751,10420,10331,10238,10150,44,22,18,16,34,60,2,0,84,83
50,27,45,Minnesota,Fillmore County,7,0,20769,10393,10376,10208,10171,49,26,23,18,31,73,2,0,80,88
50,27,45,Minnesota,Fillmore County,8,0,20727,10405,10322,10214,10092,53,38,23,18,34,85,2,0,79,89
50,27,45,Minnesota,Fillmore County,9,0,20902,10488,10414,10283,10166,63,53,23,17,33,89,3,0,83,89
50,27,45,Minnesota,Fillmore County,10,0,20982,10535,10447,10317,10199,57,47,25,16,36,88,3,0,97,97
50,27,45,Minnesota,Fillmore County,11,0,21058,10563,10495,10327,10240,63,48,24,16,39,90,3,0,107,101
50,27,47,Minnesota,Freeborn County,1,0,31255,15462,15793,14943,15372,158,103,50,38,127,116,20,18,164,146
50,27,47,Minnesota,Freeborn County,4,0,31065,15410,15655,14813,15186,195,111,64,49,137,138,18,17,183,154
50,27,47,Minnesota,Freeborn County,5,0,31023,15459,15564,14839,15065,204,131,72,54,140,138,18,16,186,160
50,27,47,Minnesota,Freeborn County,6,0,30922,15359,15563,14677,15009,211,148,75,64,172,166,18,15,206,161
50,27,47,Minnesota,Freeborn County,7,0,30742,15276,15466,14532,14853,232,162,74,66,222,207,20,16,196,162
50,27,47,Minnesota,Freeborn County,8,0,30496,15193,15303,14381,14626,244,176,74,67,271,247,21,17,202,170
50,27,47,Minnesota,Freeborn County,9,0,30409,15185,15224,14279,14456,271,186,78,73,312,300,20,17,225,192
50,27,47,Minnesota,Freeborn County,10,0,30537,15254,15283,14290,14447,244,185,84,76,374,362,29,24,233,189
50,27,47,Minnesota,Freeborn County,11,0,30444,15158,15286,14165,14371,240,210,87,82,409,391,32,24,225,208
50,27,49,Minnesota,Goodhue County,1,0,46183,22927,23256,21888,22330,287,172,312,259,126,154,21,12,293,329
50,27,49,Minnesota,Goodhue County,4,0,46102,22938,23164,21867,22197,294,192,325,261,133,168,21,12,298,334
50,27,49,Minnesota,Goodhue County,5,0,46146,22922,23224,21824,22231,315,204,330,274,126,161,22,13,305,341
50,27,49,Minnesota,Goodhue County,6,0,46113,22947,23166,21808,22130,327,226,341,273,126,170,22,14,323,353
50,27,49,Minnesota,Goodhue County,7,0,46021,22935,23086,21794,22068,327,202,343,276,124,171,23,14,324,355
50,27,49,Minnesota,Goodhue County,8,0,46073,22955,23118,21745,22054,351,211,360,292,134,175,23,16,342,370
50,27,49,Minnesota,Goodhue County,9,0,46252,23032,23220,21774,22071,360,240,363,303,131,189,26,14,378,403
50,27,49,Minnesota,Goodhue County,10,0,46334,23032,23302,21760,22123,373,253,372,312,134,186,26,13,367,415
50,27,49,Minnesota,Goodhue County,11,0,46403,23012,23391,21721,22144,371,274,376,337,146,198,26,15,372,423
50,27,51,Minnesota,Grant County,1,0,6018,2974,3044,2934,2976,10,10,3,6,2,12,4,2,21,38
50,27,51,Minnesota,Grant County,4,0,5993,2964,3029,2919,2965,11,9,4,6,3,14,4,2,23,33
50,27,51,Minnesota,Grant County,5,0,5929,2936,2993,2882,2920,13,10,9,10,3,14,5,3,24,36
50,27,51,Minnesota,Grant County,6,0,5958,2967,2991,2906,2906,12,12,12,16,4,13,5,3,28,41
50,27,51,Minnesota,Grant County,7,0,5926,2945,2981,2882,2891,12,14,9,17,5,12,5,3,32,44
50,27,51,Minnesota,Grant County,8,0,5870,2929,2941,2866,2847,13,14,10,18,4,13,5,3,31,46
50,27,51,Minnesota,Grant County,9,0,5933,2983,2950,2911,2848,21,16,9,19,4,12,5,3,33,52
50,27,51,Minnesota,Grant County,10,0,5938,2995,2943,2922,2839,21,17,9,20,7,15,5,3,31,49
50,27,51,Minnesota,Grant County,11,0,6021,3023,2998,2943,2885,21,20,11,22,6,15,5,3,37,53
50,27,53,Minnesota,Hennepin County,1,0,1152425,566184,586241,437801,453998,68879,70350,6827,7071,35894,37319,400,412,16383,17091
50,27,53,Minnesota,Hennepin County,4,0,1169264,574924,594340,441741,457526,71088,72531,6916,7187,37913,39108,350,366,16916,17622
50,27,53,Minnesota,Hennepin County,5,0,1184224,582982,601242,445859,460638,72740,74385,7106,7229,39526,40568,327,352,17424,18070
50,27,53,Minnesota,Hennepin County,6,0,1198181,589730,608451,449140,464088,74454,76232,7044,7271,40901,41890,337,343,17854,18627
50,27,53,Minnesota,Hennepin County,7,0,1211264,596842,614422,451941,466106,76762,78341,6990,7228,42546,43351,359,356,18244,19040
50,27,53,Minnesota,Hennepin County,8,0,1222578,603527,619051,454585,467283,79026,80217,6946,7215,43982,44680,368,359,18620,19297
50,27,53,Minnesota,Hennepin County,9,0,1235875,611105,624770,457370,468807,81922,82936,6978,7218,45371,45797,371,337,19093,19675
50,27,53,Minnesota,Hennepin County,10,0,1248246,617600,630646,460443,471248,83956,84809,6846,7215,46416,46893,382,346,19557,20135
50,27,53,Minnesota,Hennepin County,11,0,1259428,623200,636228,463223,473813,85529,86381,6812,7200,47281,47792,379,339,19976,20703
50,27,55,Minnesota,Houston County,1,0,19027,9437,9590,9235,9357,59,43,11,23,34,58,1,1,97,108
50,27,55,Minnesota,Houston County,4,0,18876,9388,9488,9178,9251,61,44,14,21,32,53,1,1,102,118
50,27,55,Minnesota,Houston County,5,0,18764,9321,9443,9096,9190,63,49,12,23,33,56,1,1,116,124
50,27,55,Minnesota,Houston County,6,0,18774,9344,9430,9092,9171,73,44,14,23,37,58,1,1,127,133
50,27,55,Minnesota,Houston County,7,0,18699,9334,9365,9085,9111,78,45,13,26,38,57,1,1,119,125
50,27,55,Minnesota,Houston County,8,0,18681,9301,9380,9036,9102,76,63,15,24,37,60,1,1,136,130
50,27,55,Minnesota,Houston County,9,0,18694,9347,9347,9081,9070,79,66,14,26,35,58,2,1,136,126
50,27,55,Minnesota,Houston County,10,0,18662,9363,9299,9086,9023,86,50,14,28,39,61,2,1,136,136
50,27,55,Minnesota,Houston County,11,0,18578,9328,9250,9051,8971,77,46,16,32,47,62,3,1,134,138
50,27,57,Minnesota,Hubbard County,1,0,20428,10288,10140,9771,9609,32,21,272,294,18,33,7,6,188,177
50,27,57,Minnesota,Hubbard County,4,0,20515,10317,10198,9793,9644,43,30,270,294,25,33,7,6,179,191
50,27,57,Minnesota,Hubbard County,5,0,20454,10290,10164,9770,9615,39,29,270,277,30,42,7,6,174,195
50,27,57,Minnesota,Hubbard County,6,0,20698,10383,10315,9845,9763,44,29,271,272,33,48,7,6,183,197
50,27,57,Minnesota,Hubbard County,7,0,20633,10413,10220,9855,9671,48,34,272,261,35,58,7,6,196,190
50,27,57,Minnesota,Hubbard County,8,0,20645,10393,10252,9837,9674,49,40,277,268,37,68,6,5,187,197
50,27,57,Minnesota,Hubbard County,9,0,20700,10477,10223,9914,9654,56,42,279,247,29,67,6,5,193,208
50,27,57,Minnesota,Hubbard County,10,0,21001,10643,10358,10059,9768,60,40,284,259,38,77,9,7,193,207
50,27,57,Minnesota,Hubbard County,11,0,21332,10829,10503,10179,9890,71,42,318,277,45,86,9,7,207,201
50,27,59,Minnesota,Isanti County,1,0,37816,19065,18751,18374,18082,140,118,88,88,142,170,11,12,310,281
50,27,59,Minnesota,Isanti County,4,0,38191,19170,19021,18438,18309,163,132,104,100,140,172,13,15,312,293
50,27,59,Minnesota,Isanti County,5,0,38141,19207,18934,18466,18238,157,112,109,103,151,177,12,11,312,293
50,27,59,Minnesota,Isanti County,6,0,38058,19198,18860,18437,18145,168,116,101,110,156,176,11,13,325,300
50,27,59,Minnesota,Isanti County,7,0,38269,19348,18921,18590,18171,166,124,100,106,159,202,11,13,322,305
50,27,59,Minnesota,Isanti County,8,0,38277,19374,18903,18628,18130,160,127,88,102,164,232,11,12,323,300
50,27,59,Minnesota,Isanti County,9,0,38777,19642,19135,18853,18304,178,146,85,116,155,246,12,13,359,310
50,27,59,Minnesota,Isanti County,10,0,39583,19976,19607,19132,18726,183,156,97,124,187,257,9,12,368,332
50,27,59,Minnesota,Isanti County,11,0,39966,20210,19756,19321,18848,193,159,108,138,195,257,9,11,384,343
50,27,61,Minnesota,Itasca County,1,0,45058,22747,22311,21309,20983,98,47,832,747,41,104,7,7,460,423
50,27,61,Minnesota,Itasca County,4,0,45091,22731,22360,21205,20957,108,53,857,783,45,109,7,8,509,450
50,27,61,Minnesota,Itasca County,5,0,45139,22736,22403,21164,20952,110,53,885,807,49,106,10,13,518,472
50,27,61,Minnesota,Itasca County,6,0,45324,22850,22474,21270,21018,123,60,886,820,49,106,9,8,513,462
50,27,61,Minnesota,Itasca County,7,0,45321,22853,22468,21267,20982,115,68,890,831,52,108,9,9,520,470
50,27,61,Minnesota,Itasca County,8,0,45261,22846,22415,21215,20893,127,60,903,840,51,111,11,16,539,495
50,27,61,Minnesota,Itasca County,9,0,45164,22845,22319,21217,20779,137,71,891,818,51,107,12,29,537,515
50,27,61,Minnesota,Itasca County,10,0,45161,22816,22345,21153,20754,137,77,892,839,51,107,15,35,568,533
50,27,61,Minnesota,Itasca County,11,0,45108,22797,22311,21089,20698,141,82,898,844,51,102,17,43,601,542
50,27,63,Minnesota,Jackson County,1,0,10266,5190,5076,5030,4912,28,19,14,16,62,80,1,1,55,48
50,27,63,Minnesota,Jackson County,4,0,10194,5168,5026,4993,4856,29,19,16,17,68,78,1,1,61,55
50,27,63,Minnesota,Jackson County,5,0,10308,5225,5083,5022,4909,33,16,17,15,90,89,1,1,62,53
50,27,63,Minnesota,Jackson County,6,0,10280,5208,5072,5002,4899,38,22,21,17,79,76,2,1,66,57
50,27,63,Minnesota,Jackson County,7,0,10273,5206,5067,4999,4872,36,31,21,15,81,87,1,1,68,61
50,27,63,Minnesota,Jackson County,8,0,10095,5142,4953,4922,4754,38,38,21,16,85,86,3,1,73,58
50,27,63,Minnesota,Jackson County,9,0,9967,5088,4879,4863,4678,36,33,23,17,80,87,1,1,85,63
50,27,63,Minnesota,Jackson County,10,0,9988,5119,4869,4871,4672,43,33,22,19,80,82,6,2,97,61
50,27,63,Minnesota,Jackson County,11,0,9911,5073,4838,4806,4623,51,48,23,21,83,84,6,2,104,60
50,27,65,Minnesota,Kanabec County,1,0,16239,8221,8018,8008,7795,34,23,40,50,23,30,1,2,115,118
50,27,65,Minnesota,Kanabec County,4,0,16224,8232,7992,8011,7745,36,29,45,63,23,35,1,2,116,118
50,27,65,Minnesota,Kanabec County,5,0,15972,8107,7865,7886,7614,44,35,43,62,23,36,1,2,110,116
50,27,65,Minnesota,Kanabec County,6,0,16009,8108,7901,7876,7639,44,37,49,59,26,36,1,2,112,128
50,27,65,Minnesota,Kanabec County,7,0,15971,8099,7872,7852,7595,40,38,52,62,28,35,1,2,126,140
50,27,65,Minnesota,Kanabec County,8,0,15884,8051,7833,7772,7554,40,35,61,70,30,34,1,2,147,138
50,27,65,Minnesota,Kanabec County,9,0,15903,8058,7845,7768,7562,42,33,60,70,33,39,1,2,154,139
50,27,65,Minnesota,Kanabec County,10,0,16054,8138,7916,7817,7617,50,33,69,75,37,47,1,2,164,142
50,27,65,Minnesota,Kanabec County,11,0,16207,8159,8048,7835,7737,56,37,64,73,42,55,1,3,161,143
50,27,67,Minnesota,Kandiyohi County,1,0,42239,21078,21161,20149,20322,557,444,72,77,85,101,15,13,200,204
50,27,67,Minnesota,Kandiyohi County,4,0,42203,21094,21109,19998,20155,707,515,76,93,88,118,18,14,207,214
50,27,67,Minnesota,Kandiyohi County,5,0,42377,21210,21167,19981,20094,821,618,88,96,92,130,17,12,211,217
50,27,67,Minnesota,Kandiyohi County,6,0,42460,21250,21210,19882,20034,936,714,90,99,104,139,25,19,213,205
50,27,67,Minnesota,Kandiyohi County,7,0,42492,21286,21206,19752,19930,1061,799,94,91,131,151,18,18,230,217
50,27,67,Minnesota,Kandiyohi County,8,0,42590,21371,21219,19660,19810,1214,914,96,81,156,175,23,19,222,220
50,27,67,Minnesota,Kandiyohi County,9,0,42636,21415,21221,19498,19650,1371,1035,120,90,178,187,24,18,224,241
50,27,67,Minnesota,Kandiyohi County,10,0,42715,21478,21237,19505,19563,1384,1101,133,92,196,214,25,21,235,246
50,27,67,Minnesota,Kandiyohi County,11,0,42855,21576,21279,19465,19483,1469,1175,135,98,227,238,22,24,258,261
50,27,69,Minnesota,Kittson County,1,0,4552,2286,2266,2260,2239,6,5,2,2,5,13,0,0,13,7
50,27,69,Minnesota,Kittson County,4,0,4540,2292,2248,2260,2213,8,5,5,7,4,14,0,0,15,9
50,27,69,Minnesota,Kittson County,5,0,4497,2276,2221,2243,2180,9,5,5,7,5,13,0,0,14,16
50,27,69,Minnesota,Kittson County,6,0,4498,2268,2230,2229,2181,7,7,9,11,6,14,0,0,17,17
50,27,69,Minnesota,Kittson County,7,0,4455,2241,2214,2199,2163,7,9,9,11,8,13,0,0,18,18
50,27,69,Minnesota,Kittson County,8,0,4405,2217,2188,2169,2132,7,9,11,11,11,15,0,0,19,21
50,27,69,Minnesota,Kittson County,9,0,4316,2167,2149,2115,2096,8,10,9,7,15,15,0,0,20,21
50,27,69,Minnesota,Kittson County,10,0,4259,2152,2107,2096,2051,8,8,9,7,17,16,0,0,22,25
50,27,69,Minnesota,Kittson County,11,0,4248,2138,2110,2079,2052,8,8,10,8,18,16,0,0,23,26
50,27,71,Minnesota,Koochiching County,1,0,13311,6608,6703,6289,6348,39,41,155,166,10,34,3,0,112,114
50,27,71,Minnesota,Koochiching County,4,0,13235,6584,6651,6249,6278,48,47,164,175,12,37,3,0,108,114
50,27,71,Minnesota,Koochiching County,5,0,13164,6551,6613,6215,6246,43,46,168,169,11,36,3,0,111,116
50,27,71,Minnesota,Koochiching County,6,0,13090,6497,6593,6161,6221,42,38,170,179,10,36,3,0,111,119
50,27,71,Minnesota,Koochiching County,7,0,12848,6376,6472,6044,6105,47,31,161,174,12,46,3,0,109,116
50,27,71,Minnesota,Koochiching County,8,0,12798,6397,6401,6056,6028,46,32,169,175,11,46,3,0,112,120
50,27,71,Minnesota,Koochiching County,9,0,12609,6306,6303,5960,5929,43,32,173,178,11,51,3,0,116,113
50,27,71,Minnesota,Koochiching County,10,0,12526,6262,6264,5914,5897,46,32,170,167,11,56,3,0,118,112
50,27,71,Minnesota,Koochiching County,11,0,12440,6225,6215,5870,5838,54,32,167,165,12,60,3,0,119,120
50,27,73,Minnesota,Lac qui Parle County,1,0,7259,3629,3630,3564,3570,13,4,9,9,13,19,6,1,24,27
50,27,73,Minnesota,Lac qui Parle County,4,0,7220,3632,3588,3561,3524,16,6,8,9,14,21,6,1,27,27
50,27,73,Minnesota,Lac qui Parle County,5,0,7121,3576,3545,3496,3472,16,7,10,10,15,23,6,1,33,32
50,27,73,Minnesota,Lac qui Parle County,6,0,7006,3499,3507,3414,3428,18,10,8,10,16,23,6,1,37,35
50,27,73,Minnesota,Lac qui Parle County,7,0,6901,3451,3450,3363,3371,18,9,9,12,17,23,6,1,38,34
50,27,73,Minnesota,Lac qui Parle County,8,0,6872,3453,3419,3349,3337,26,9,8,11,21,27,6,1,43,34
50,27,73,Minnesota,Lac qui Parle County,9,0,6737,3399,3338,3295,3253,29,9,6,11,20,27,9,1,40,37
50,27,73,Minnesota,Lac qui Parle County,10,0,6695,3356,3339,3239,3252,33,10,8,11,22,30,10,1,44,35
50,27,73,Minnesota,Lac qui Parle County,11,0,6658,3347,3311,3214,3217,36,13,8,11,23,31,11,3,55,36
50,27,75,Minnesota,Lake County,1,0,10866,5479,5387,5377,5259,9,7,22,29,11,20,0,0,60,72
50,27,75,Minnesota,Lake County,4,0,10777,5446,5331,5340,5201,14,12,24,26,13,19,0,0,55,73
50,27,75,Minnesota,Lake County,5,0,10790,5467,5323,5342,5175,20,16,29,29,13,21,0,0,63,82
50,27,75,Minnesota,Lake County,6,0,10704,5455,5249,5314,5093,22,20,30,33,17,26,1,0,71,77
50,27,75,Minnesota,Lake County,7,0,10600,5383,5217,5244,5063,29,21,28,33,18,27,1,0,63,73
50,27,75,Minnesota,Lake County,8,0,10547,5376,5171,5229,5015,32,15,31,33,19,27,1,0,64,81
50,27,75,Minnesota,Lake County,9,0,10524,5392,5132,5225,4971,43,19,33,33,21,28,1,0,69,81
50,27,75,Minnesota,Lake County,10,0,10516,5413,5103,5219,4942,57,19,37,32,24,28,1,0,75,82
50,27,75,Minnesota,Lake County,11,0,10658,5488,5170,5285,5002,63,17,38,34,25,31,1,0,76,86
50,27,77,Minnesota,Lake of the Woods County,1,0,4045,2068,1977,1998,1896,8,6,15,13,10,23,0,0,37,39
50,27,77,Minnesota,Lake of the Woods County,4,0,4011,2059,1952,1987,1863,8,6,16,15,12,29,0,0,36,39
50,27,77,Minnesota,Lake of the Woods County,5,0,3946,2015,1931,1940,1840,8,6,17,16,13,30,0,0,37,39
50,27,77,Minnesota,Lake of the Woods County,6,0,3909,1997,1912,1919,1820,7,4,18,17,15,31,0,0,38,40
50,27,77,Minnesota,Lake of the Woods County,7,0,3889,1981,1908,1896,1807,7,4,17,18,16,35,0,0,45,44
50,27,77,Minnesota,Lake of the Woods County,8,0,3872,1988,1884,1899,1775,7,5,17,19,17,39,0,0,48,46
50,27,77,Minnesota,Lake of the Woods County,9,0,3790,1959,1831,1857,1711,10,7,20,22,21,44,0,0,51,47
50,27,77,Minnesota,Lake of the Woods County,10,0,3736,1939,1797,1833,1670,10,8,17,17,23,47,0,0,56,55
50,27,77,Minnesota,Lake of the Woods County,11,0,3758,1966,1792,1859,1663,12,8,17,17,23,53,0,0,55,51
50,27,79,Minnesota,Le Sueur County,1,0,27703,13988,13715,13684,13421,55,44,44,42,83,89,1,4,121,115
50,27,79,Minnesota,Le Sueur County,4,0,27778,14024,13754,13691,13442,73,58,54,51,80,87,1,4,125,112
50,27,79,Minnesota,Le Sueur County,5,0,27658,13940,13718,13585,13374,73,64,55,53,83,91,1,4,143,132
50,27,79,Minnesota,Le Sueur County,6,0,27702,13937,13765,13585,13404,75,70,50,64,78,89,1,4,148,134
50,27,79,Minnesota,Le Sueur County,7,0,27812,14036,13776,13642,13404,96,69,50,64,75,93,1,4,172,142
50,27,79,Minnesota,Le Sueur County,8,0,27736,13976,13760,13578,13378,88,71,56,65,79,97,2,4,173,145
50,27,79,Minnesota,Le Sueur County,9,0,27720,13936,13784,13518,13367,109,96,54,73,78,103,2,4,175,141
50,27,79,Minnesota,Le Sueur County,10,0,28151,14177,13974,13750,13547,120,92,66,86,76,101,3,5,162,143
50,27,79,Minnesota,Le Sueur County,11,0,28494,14369,14125,13909,13692,121,98,65,85,84,102,3,5,187,143
50,27,81,Minnesota,Lincoln County,1,0,5896,2960,2936,2923,2903,6,2,4,7,8,8,1,2,18,14
50,27,81,Minnesota,Lincoln County,4,0,5808,2912,2896,2874,2863,6,2,3,8,8,10,1,2,20,11
50,27,81,Minnesota,Lincoln County,5,0,5755,2870,2885,2832,2849,7,2,3,8,9,9,1,2,18,15
50,27,81,Minnesota,Lincoln County,6,0,5756,2885,2871,2840,2831,7,2,6,8,11,14,1,2,20,14
50,27,81,Minnesota,Lincoln County,7,0,5766,2901,2865,2850,2821,9,4,6,9,9,10,1,2,26,19
50,27,81,Minnesota,Lincoln County,8,0,5711,2890,2821,2831,2775,11,5,6,8,14,10,1,2,27,21
50,27,81,Minnesota,Lincoln County,9,0,5704,2885,2819,2821,2773,11,5,6,13,14,11,1,2,32,15
50,27,81,Minnesota,Lincoln County,10,0,5682,2871,2811,2801,2763,10,6,7,14,18,13,1,2,34,13
50,27,81,Minnesota,Lincoln County,11,0,5673,2861,2812,2793,2759,9,4,9,14,14,13,1,2,35,20
50,27,83,Minnesota,Lyon County,1,0,25857,12845,13012,11870,12186,358,239,86,69,351,346,3,5,177,167
50,27,83,Minnesota,Lyon County,4,0,25825,12887,12938,11837,12071,390,264,90,76,389,351,4,5,177,171
50,27,83,Minnesota,Lyon County,5,0,25630,12827,12803,11763,11951,378,255,87,79,409,351,4,5,186,162
50,27,83,Minnesota,Lyon County,6,0,25720,12827,12893,11723,11983,390,276,92,83,415,373,5,5,202,173
50,27,83,Minnesota,Lyon County,7,0,25776,12836,12940,11625,11926,446,341,92,84,459,408,7,5,207,176
50,27,83,Minnesota,Lyon County,8,0,25837,12858,12979,11591,11890,466,385,97,92,474,416,10,8,220,188
50,27,83,Minnesota,Lyon County,9,0,26000,12950,13050,11509,11818,509,424,101,98,583,499,14,10,234,201
50,27,83,Minnesota,Lyon County,10,0,25953,12960,12993,11483,11752,529,439,102,96,604,515,11,6,231,185
50,27,83,Minnesota,Lyon County,11,0,25629,12789,12840,11329,11603,490,396,103,97,628,546,11,6,228,192
50,27,85,Minnesota,McLeod County,1,0,36651,18277,18374,17796,17941,131,78,53,49,126,153,9,9,162,144
50,27,85,Minnesota,McLeod County,4,0,36340,18114,18226,17659,17799,119,90,58,59,110,128,9,9,159,141
50,27,85,Minnesota,McLeod County,5,0,35931,17880,18051,17406,17582,120,106,60,64,118,135,9,9,167,155
50,27,85,Minnesota,McLeod County,6,0,35900,17865,18035,17364,17525,144,114,59,66,121,146,12,10,165,174
50,27,85,Minnesota,McLeod County,7,0,35776,17833,17943,17330,17447,135,107,68,72,128,142,12,9,160,166
50,27,85,Minnesota,McLeod County,8,0,35824,17856,17968,17317,17459,147,108,74,79,137,139,13,11,168,172
50,27,85,Minnesota,McLeod County,9,0,35767,17851,17916,17298,17383,138,108,84,80,137,144,14,12,180,189
50,27,85,Minnesota,McLeod County,10,0,35883,17937,17946,17356,17395,147,103,88,85,138,144,15,13,193,206
50,27,85,Minnesota,McLeod County,11,0,35873,17925,17948,17314,17370,166,107,96,99,138,143,16,16,195,213
50,27,87,Minnesota,Mahnomen County,1,0,5413,2752,2661,1406,1309,10,3,1096,1121,1,2,1,0,238,226
50,27,87,Minnesota,Mahnomen County,4,0,5474,2761,2713,1357,1339,13,4,1131,1131,2,3,1,0,257,236
50,27,87,Minnesota,Mahnomen County,5,0,5505,2772,2733,1364,1328,13,4,1144,1151,2,3,1,0,248,247
50,27,87,Minnesota,Mahnomen County,6,0,5472,2760,2712,1348,1299,12,7,1150,1151,2,4,1,0,247,251
50,27,87,Minnesota,Mahnomen County,7,0,5503,2745,2758,1326,1300,16,11,1156,1191,4,4,1,1,242,251
50,27,87,Minnesota,Mahnomen County,8,0,5437,2721,2716,1275,1270,16,12,1190,1193,3,2,1,1,236,238
50,27,87,Minnesota,Mahnomen County,9,0,5490,2754,2736,1288,1267,17,14,1212,1205,3,1,1,1,233,248
50,27,87,Minnesota,Mahnomen County,10,0,5579,2804,2775,1298,1306,20,17,1235,1200,5,2,1,0,245,250
50,27,87,Minnesota,Mahnomen County,11,0,5519,2781,2738,1289,1268,19,17,1215,1183,5,3,1,0,252,267
50,27,89,Minnesota,Marshall County,1,0,9439,4781,4658,4701,4558,14,12,29,31,7,17,2,2,28,38
50,27,89,Minnesota,Marshall County,4,0,9458,4789,4669,4700,4562,16,14,31,34,9,16,2,2,31,41
50,27,89,Minnesota,Marshall County,5,0,9469,4786,4683,4690,4566,20,13,29,38,10,16,2,2,35,48
50,27,89,Minnesota,Marshall County,6,0,9429,4785,4644,4676,4516,24,13,32,47,14,20,2,2,37,46
50,27,89,Minnesota,Marshall County,7,0,9419,4784,4635,4668,4508,20,12,34,43,16,20,2,2,44,50
50,27,89,Minnesota,Marshall County,8,0,9410,4776,4634,4652,4502,20,15,40,42,16,18,2,2,46,55
50,27,89,Minnesota,Marshall County,9,0,9371,4742,4629,4618,4492,18,17,41,43,15,19,2,2,48,56
50,27,89,Minnesota,Marshall County,10,0,9369,4719,4650,4596,4505,20,17,38,46,16,21,2,2,47,59
50,27,89,Minnesota,Marshall County,11,0,9390,4738,4652,4608,4506,22,16,43,47,14,22,2,2,49,59
50,27,91,Minnesota,Martin County,1,0,20840,10229,10611,10035,10415,46,32,32,33,47,68,5,2,64,61
50,27,91,Minnesota,Martin County,4,0,20619,10136,10483,9918,10265,51,30,38,37,55,77,7,2,67,72
50,27,91,Minnesota,Martin County,5,0,20456,10095,10361,9868,10122,59,32,34,38,49,77,4,2,81,90
50,27,91,Minnesota,Martin County,6,0,20419,10064,10355,9813,10100,67,45,34,35,50,72,4,2,96,101
50,27,91,Minnesota,Martin County,7,0,20241,9985,10256,9705,9985,78,46,43,39,53,74,4,2,102,110
50,27,91,Minnesota,Martin County,8,0,20034,9918,10116,9627,9838,75,50,44,39,56,79,9,2,107,108
50,27,91,Minnesota,Martin County,9,0,19902,9840,10062,9536,9768,82,61,47,45,56,76,14,2,105,110
50,27,91,Minnesota,Martin County,10,0,19858,9848,10010,9523,9713,85,49,51,51,59,79,18,2,112,116
50,27,91,Minnesota,Martin County,11,0,19785,9804,9981,9462,9673,99,58,54,53,60,73,21,2,108,122
50,27,93,Minnesota,Meeker County,1,0,23300,11833,11467,11630,11316,65,29,27,22,25,36,8,9,78,55
50,27,93,Minnesota,Meeker County,4,0,23189,11807,11382,11593,11210,72,35,27,25,25,41,8,9,82,62
50,27,93,Minnesota,Meeker County,5,0,23034,11773,11261,11531,11074,72,38,34,25,25,49,8,10,103,65
50,27,93,Minnesota,Meeker County,6,0,23085,11719,11366,11464,11152,75,43,37,24,30,53,8,10,105,84
50,27,93,Minnesota,Meeker County,7,0,23126,11721,11405,11457,11178,83,45,37,23,31,54,10,11,103,94
50,27,93,Minnesota,Meeker County,8,0,23036,11700,11336,11421,11104,89,50,38,29,34,55,9,10,109,88
50,27,93,Minnesota,Meeker County,9,0,23052,11727,11325,11430,11075,94,49,44,34,34,57,9,11,116,99
50,27,93,Minnesota,Meeker County,10,0,23041,11726,11315,11419,11048,100,55,44,34,33,54,9,12,121,112
50,27,93,Minnesota,Meeker County,11,0,23141,11783,11358,11472,11089,102,57,46,32,36,53,9,12,118,115
50,27,95,Minnesota,Mille Lacs County,1,0,26097,13102,12995,12013,11854,70,29,746,845,29,54,3,4,241,209
50,27,95,Minnesota,Mille Lacs County,4,0,25841,12982,12859,11902,11711,73,34,730,831,35,62,3,5,239,216
50,27,95,Minnesota,Mille Lacs County,5,0,25630,12884,12746,11808,11576,79,43,709,831,38,71,3,6,247,219
50,27,95,Minnesota,Mille Lacs County,6,0,25654,12903,12751,11796,11538,82,49,734,853,37,71,3,8,251,232
50,27,95,Minnesota,Mille Lacs County,7,0,25557,12793,12764,11713,11538,82,59,720,867,34,73,5,6,239,221
50,27,95,Minnesota,Mille Lacs County,8,0,25484,12784,12700,11682,11447,83,65,738,873,37,73,7,10,237,232
50,27,95,Minnesota,Mille Lacs County,9,0,25583,12862,12721,11711,11446,101,70,749,875,49,75,5,6,247,249
50,27,95,Minnesota,Mille Lacs County,10,0,25877,13018,12859,11868,11560,87,72,732,881,59,83,5,6,267,257
50,27,95,Minnesota,Mille Lacs County,11,0,26139,13139,13000,11956,11672,93,75,759,905,63,91,6,5,262,252
50,27,97,Minnesota,Morrison County,1,0,33198,16746,16452,16402,16137,80,52,36,39,47,54,5,6,176,164
50,27,97,Minnesota,Morrison County,4,0,33253,16820,16433,16441,16074,92,60,44,49,56,68,5,5,182,177
50,27,97,Minnesota,Morrison County,5,0,33097,16694,16403,16302,16033,94,50,44,58,56,75,5,7,193,180
50,27,97,Minnesota,Morrison County,6,0,32858,16597,16261,16198,15882,100,59,50,51,58,79,6,8,185,182
50,27,97,Minnesota,Morrison County,7,0,32807,16555,16252,16152,15847,94,67,53,56,60,82,6,8,190,192
50,27,97,Minnesota,Morrison County,8,0,32763,16570,16193,16174,15791,108,69,51,70,59,75,7,9,171,179
50,27,97,Minnesota,Morrison County,9,0,32907,16569,16338,16147,15877,115,96,53,70,55,76,7,10,192,209
50,27,97,Minnesota,Morrison County,10,0,33100,16713,16387,16272,15929,129,113,54,71,60,77,8,8,190,189
50,27,97,Minnesota,Morrison County,11,0,33169,16745,16424,16268,15950,139,117,56,65,71,86,8,8,203,198
50,27,99,Minnesota,Mower County,1,0,39163,19497,19666,18315,18615,502,372,67,70,340,338,26,26,247,245
50,27,99,Minnesota,Mower County,4,0,39341,19598,19743,18233,18529,651,475,77,93,350,350,34,30,253,266
50,27,99,Minnesota,Mower County,5,0,39393,19631,19762,18154,18475,717,512,77,93,379,366,36,37,268,279
50,27,99,Minnesota,Mower County,6,0,39325,19637,19688,18022,18276,813,558,79,107,418,414,44,44,261,289
50,27,99,Minnesota,Mower County,7,0,39413,19718,19695,17926,18126,840,569,84,110,536,521,50,55,282,314
50,27,99,Minnesota,Mower County,8,0,39420,19773,19647,17821,17963,833,560,105,122,674,621,47,56,293,325
50,27,99,Minnesota,Mower County,9,0,39469,19800,19669,17646,17859,864,564,138,136,768,693,54,68,330,349
50,27,99,Minnesota,Mower County,10,0,39699,19953,19746,17631,17816,874,569,146,137,860,757,72,79,370,388
50,27,99,Minnesota,Mower County,11,0,40011,20124,19887,17599,17767,890,583,143,140,1023,888,79,94,390,415
50,27,101,Minnesota,Murray County,1,0,8725,4327,4398,4231,4303,18,9,8,6,34,44,2,0,34,36
50,27,101,Minnesota,Murray County,4,0,8630,4279,4351,4172,4250,22,10,8,8,32,46,8,0,37,37
50,27,101,Minnesota,Murray County,5,0,8573,4281,4292,4148,4191,26,10,11,9,39,45,13,1,44,36
50,27,101,Minnesota,Murray County,6,0,8506,4229,4277,4082,4163,26,12,10,11,44,50,19,1,48,40
50,27,101,Minnesota,Murray County,7,0,8435,4205,4230,4045,4124,27,10,16,9,51,45,18,1,48,41
50,27,101,Minnesota,Murray County,8,0,8394,4179,4215,4019,4103,26,12,16,8,54,46,20,3,44,43
50,27,101,Minnesota,Murray County,9,0,8308,4131,4177,3971,4061,24,16,16,7,56,47,20,2,44,44
50,27,101,Minnesota,Murray County,10,0,8353,4177,4176,4007,4056,25,12,24,12,56,51,19,1,46,44
50,27,101,Minnesota,Murray County,11,0,8276,4140,4136,3970,4005,23,17,23,10,58,57,19,1,47,46
50,27,103,Minnesota,Nicollet County,1,0,32727,16364,16363,15502,15599,379,291,78,45,195,241,2,0,208,187
50,27,103,Minnesota,Nicollet County,4,0,32964,16464,16500,15561,15650,399,334,85,52,202,259,2,0,215,205
50,27,103,Minnesota,Nicollet County,5,0,33020,16520,16500,15617,15665,389,339,91,53,201,237,2,0,220,206
50,27,103,Minnesota,Nicollet County,6,0,32981,16567,16414,15588,15526,433,359,93,45,205,255,2,0,246,229
50,27,103,Minnesota,Nicollet County,7,0,33372,16784,16588,15730,15643,484,395,99,39,224,273,3,2,244,236
50,27,103,Minnesota,Nicollet County,8,0,33532,16911,16621,15782,15590,534,452,107,45,227,283,5,5,256,246
50,27,103,Minnesota,Nicollet County,9,0,33732,17014,16718,15792,15568,581,519,120,55,245,291,6,5,270,280
50,27,103,Minnesota,Nicollet County,10,0,34058,17219,16839,15934,15631,629,534,115,58,264,312,6,4,271,300
50,27,103,Minnesota,Nicollet County,11,0,34220,17295,16925,15963,15621,677,601,115,64,270,318,6,4,264,317
50,27,105,Minnesota,Nobles County,1,0,21378,10917,10461,9534,9363,460,309,106,97,649,558,21,10,147,124
50,27,105,Minnesota,Nobles County,4,0,21619,11124,10495,9563,9257,521,369,143,111,717,612,21,10,159,136
50,27,105,Minnesota,Nobles County,5,0,21733,11215,10518,9599,9191,540,393,160,121,727,652,25,15,164,146
50,27,105,Minnesota,Nobles County,6,0,21797,11281,10516,9602,9149,558,412,179,114,751,689,18,14,173,138
50,27,105,Minnesota,Nobles County,7,0,21701,11187,10514,9508,9118,574,403,152,119,754,712,19,15,180,147
50,27,105,Minnesota,Nobles County,8,0,21795,11265,10530,9535,9145,591,407,154,118,786,716,17,13,182,131
50,27,105,Minnesota,Nobles County,9,0,21963,11276,10687,9469,9205,637,459,157,119,805,751,17,13,191,140
50,27,105,Minnesota,Nobles County,10,0,21810,11186,10624,9341,9131,667,479,164,122,807,749,16,13,191,130
50,27,105,Minnesota,Nobles County,11,0,21924,11300,10624,9421,9123,705,486,152,130,807,742,18,12,197,131
50,27,107,Minnesota,Norman County,1,0,6852,3417,3435,3274,3278,9,4,51,60,12,19,0,0,71,74
50,27,107,Minnesota,Norman County,4,0,6812,3410,3402,3249,3239,13,3,61,66,12,19,0,0,75,75
50,27,107,Minnesota,Norman County,5,0,6605,3310,3295,3157,3127,19,8,54,69,13,19,0,0,67,72
50,27,107,Minnesota,Norman County,6,0,6602,3312,3290,3139,3099,25,9,62,83,13,20,0,0,73,79
50,27,107,Minnesota,Norman County,7,0,6587,3296,3291,3116,3091,25,9,64,87,16,22,0,2,75,80
50,27,107,Minnesota,Norman County,8,0,6621,3345,3276,3138,3071,29,10,73,90,16,25,0,3,89,77
50,27,107,Minnesota,Norman County,9,0,6529,3284,3245,3073,3040,30,13,71,78,18,25,4,5,88,84
50,27,107,Minnesota,Norman County,10,0,6585,3321,3264,3116,3060,25,24,68,73,21,20,2,5,89,82
50,27,107,Minnesota,Norman County,11,0,6475,3262,3213,3061,3005,27,24,66,71,21,24,2,6,85,83
50,27,109,Minnesota,Olmsted County,1,0,144248,70485,73763,61267,64677,3757,3376,255,181,3824,4127,45,42,1337,1360
50,27,109,Minnesota,Olmsted County,4,0,145811,71269,74542,61604,64992,3929,3534,263,214,3995,4300,53,48,1425,1454
50,27,109,Minnesota,Olmsted County,5,0,146901,71922,74979,61829,65147,4148,3655,276,222,4153,4418,51,52,1465,1485
50,27,109,Minnesota,Olmsted County,6,0,148854,72780,76074,62478,65890,4241,3827,273,227,4235,4535,54,60,1499,1535
50,27,109,Minnesota,Olmsted County,7,0,150055,73513,76542,62827,65966,4431,4009,283,233,4344,4675,54,61,1574,1598
50,27,109,Minnesota,Olmsted County,8,0,151335,73954,77381,62933,66309,4583,4336,292,244,4417,4756,59,64,1670,1672
50,27,109,Minnesota,Olmsted County,9,0,153137,74741,78396,63273,66819,4748,4612,294,248,4615,4928,55,59,1756,1730
50,27,109,Minnesota,Olmsted County,10,0,154519,75352,79167,63571,67227,4827,4758,311,264,4758,5084,57,61,1828,1773
50,27,109,Minnesota,Olmsted County,11,0,156277,76246,80031,63965,67551,5100,4996,331,298,4913,5274,58,59,1879,1853
50,27,111,Minnesota,Otter Tail County,1,0,57303,28724,28579,27876,27751,276,168,146,154,112,173,16,23,298,310
50,27,111,Minnesota,Otter Tail County,4,0,57278,28700,28578,27797,27644,307,219,148,172,117,185,16,20,315,338
50,27,111,Minnesota,Otter Tail County,5,0,57221,28787,28434,27815,27438,334,264,173,184,119,191,15,20,331,337
50,27,111,Minnesota,Otter Tail County,6,0,57498,28924,28574,27867,27494,389,295,167,204,127,203,19,19,355,359
50,27,111,Minnesota,Otter Tail County,7,0,57488,28964,28524,27860,27412,407,305,179,204,129,211,21,19,368,373
50,27,111,Minnesota,Otter Tail County,8,0,57544,28993,28551,27818,27374,436,344,209,215,134,216,24,20,372,382
50,27,111,Minnesota,Otter Tail County,9,0,57865,29122,28743,27867,27514,458,367,218,227,134,224,26,22,419,389
50,27,111,Minnesota,Otter Tail County,10,0,58251,29334,28917,28006,27600,510,418,215,237,134,224,26,27,443,411
50,27,111,Minnesota,Otter Tail County,11,0,58812,29588,29224,28224,27884,541,431,224,237,144,233,28,19,427,420
50,27,113,Minnesota,Pennington County,1,0,13930,6870,7060,6498,6683,111,87,115,116,36,51,1,0,109,123
50,27,113,Minnesota,Pennington County,4,0,14068,6965,7103,6541,6699,139,109,123,115,42,60,1,0,119,120
50,27,113,Minnesota,Pennington County,5,0,14117,6993,7124,6582,6746,117,86,124,116,44,64,1,1,125,111
50,27,113,Minnesota,Pennington County,6,0,14138,7025,7113,6599,6724,134,81,121,120,42,64,2,1,127,123
50,27,113,Minnesota,Pennington County,7,0,14110,7020,7090,6582,6702,118,62,125,119,52,75,2,0,141,132
50,27,113,Minnesota,Pennington County,8,0,14234,7104,7130,6645,6732,130,67,127,115,56,79,2,0,144,137
50,27,113,Minnesota,Pennington County,9,0,14207,7084,7123,6603,6706,148,72,129,119,59,82,3,0,142,144
50,27,113,Minnesota,Pennington County,10,0,14191,7046,7145,6578,6722,127,68,136,129,53,74,3,0,149,152
50,27,113,Minnesota,Pennington County,11,0,14178,7032,7146,6554,6687,126,71,142,137,56,73,3,0,151,178
50,27,115,Minnesota,Pine County,1,0,29750,15934,13816,14452,13068,575,46,539,399,73,64,8,0,287,239
50,27,115,Minnesota,Pine County,4,0,29617,15872,13745,14355,12966,585,52,545,413,80,71,8,0,299,243
50,27,115,Minnesota,Pine County,5,0,29198,15589,13609,14100,12814,576,44,525,433,82,77,8,0,298,241
50,27,115,Minnesota,Pine County,6,0,29075,15548,13527,14037,12715,583,55,542,434,86,80,8,0,292,243
50,27,115,Minnesota,Pine County,7,0,29081,15525,13556,14030,12732,586,59,529,424,95,79,8,0,277,262
50,27,115,Minnesota,Pine County,8,0,29042,15512,13530,13969,12690,609,59,561,427,88,88,8,0,277,266
50,27,115,Minnesota,Pine County,9,0,28857,15418,13439,13889,12573,573,64,578,436,86,90,7,0,285,276
50,27,115,Minnesota,Pine County,10,0,29184,15611,13573,14064,12674,569,68,584,439,95,102,7,0,292,290
50,27,115,Minnesota,Pine County,11,0,29483,15830,13653,14238,12722,594,71,589,429,103,115,8,0,298,316
50,27,117,Minnesota,Pipestone County,1,0,9596,4669,4927,4473,4687,40,40,55,62,31,40,0,0,70,98
50,27,117,Minnesota,Pipestone County,4,0,9529,4642,4887,4429,4629,50,47,52,66,41,49,0,0,70,96
50,27,117,Minnesota,Pipestone County,5,0,9397,4599,4798,4378,4550,55,45,62,67,36,46,0,2,68,88
50,27,117,Minnesota,Pipestone County,6,0,9303,4527,4776,4311,4518,53,45,55,73,35,47,0,0,73,93
50,27,117,Minnesota,Pipestone County,7,0,9321,4524,4797,4286,4503,58,53,62,93,35,46,0,0,83,102
50,27,117,Minnesota,Pipestone County,8,0,9267,4501,4766,4255,4440,63,59,63,105,39,46,0,0,81,116
50,27,117,Minnesota,Pipestone County,9,0,9193,4493,4700,4212,4350,80,71,69,118,45,49,0,0,87,112
50,27,117,Minnesota,Pipestone County,10,0,9096,4425,4671,4155,4331,73,67,75,111,45,51,0,0,77,111
50,27,117,Minnesota,Pipestone County,11,0,9047,4406,4641,4101,4293,85,66,85,114,49,53,0,0,86,115
50,27,119,Minnesota,Polk County,1,0,31600,15823,15777,15017,15029,171,108,249,228,98,126,3,4,285,282
50,27,119,Minnesota,Polk County,4,0,31536,15805,15731,14975,14926,182,129,238,226,119,148,3,5,288,297
50,27,119,Minnesota,Polk County,5,0,31507,15799,15708,14906,14851,214,152,246,232,128,149,3,5,302,319
50,27,119,Minnesota,Polk County,6,0,31634,15861,15773,14912,14840,242,171,254,257,139,167,4,5,310,333
50,27,119,Minnesota,Polk County,7,0,31492,15776,15716,14773,14729,280,216,272,268,137,164,5,6,309,333
50,27,119,Minnesota,Polk County,8,0,31510,15825,15685,14750,14637,327,276,275,247,152,173,5,5,316,347
50,27,119,Minnesota,Polk County,9,0,31718,15929,15789,14754,14644,385,337,295,263,156,182,4,5,335,358
50,27,119,Minnesota,Polk County,10,0,31705,15905,15800,14635,14568,470,420,312,277,164,181,4,5,320,349
50,27,119,Minnesota,Polk County,11,0,31529,15828,15701,14533,14471,483,420,294,269,177,186,4,5,337,350
50,27,121,Minnesota,Pope County,1,0,10995,5557,5438,5473,5328,18,20,12,12,19,23,0,2,35,53
50,27,121,Minnesota,Pope County,4,0,10912,5513,5399,5424,5283,18,20,14,13,20,22,0,2,37,59
50,27,121,Minnesota,Pope County,5,0,10892,5509,5383,5398,5260,20,23,21,16,24,22,0,2,46,60
50,27,121,Minnesota,Pope County,6,0,10880,5510,5370,5393,5247,21,22,23,18,27,24,0,2,46,57
50,27,121,Minnesota,Pope County,7,0,10926,5537,5389,5403,5248,30,29,21,18,28,31,0,2,55,61
50,27,121,Minnesota,Pope County,8,0,10930,5559,5371,5427,5227,25,28,20,18,30,35,0,2,57,61
50,27,121,Minnesota,Pope County,9,0,10963,5598,5365,5455,5208,26,29,22,23,33,37,0,2,62,66
50,27,121,Minnesota,Pope County,10,0,10985,5615,5370,5467,5213,24,27,25,23,33,37,1,2,65,68
50,27,121,Minnesota,Pope County,11,0,11097,5665,5432,5511,5268,27,30,25,23,33,37,0,2,69,72
50,27,123,Minnesota,Ramsey County,1,0,508640,246642,261998,178795,191279,27925,29540,2400,2560,29655,30233,183,193,7684,8193
50,27,123,Minnesota,Ramsey County,4,0,515800,250135,265665,179194,191664,28586,30263,2382,2606,31691,32281,198,211,8084,8640
50,27,123,Minnesota,Ramsey County,5,0,521026,253077,267949,179504,191714,29137,30596,2396,2586,33604,34091,209,203,8227,8759
50,27,123,Minnesota,Ramsey County,6,0,527197,256251,270946,179785,191964,30047,31435,2440,2636,35218,35636,208,222,8553,9053
50,27,123,Minnesota,Ramsey County,7,0,532912,259168,273744,179995,192053,30972,32175,2470,2742,36752,37275,236,229,8743,9270
50,27,123,Minnesota,Ramsey County,8,0,536879,261235,275644,179632,191543,31761,32950,2479,2723,38153,38675,238,247,8972,9506
50,27,123,Minnesota,Ramsey County,9,0,541944,263952,277992,179609,191308,32770,33590,2504,2740,39595,40444,246,265,9228,9645
50,27,123,Minnesota,Ramsey County,10,0,545518,265948,279570,179409,190949,33611,34260,2551,2701,40724,41471,243,272,9410,9917
50,27,123,Minnesota,Ramsey County,11,0,550210,268571,281639,179773,191071,34548,35003,2535,2727,41707,42380,243,276,9765,10182
50,27,125,Minnesota,Red Lake County,1,0,4089,2083,2006,2020,1938,6,3,29,31,1,3,2,2,25,29
50,27,125,Minnesota,Red Lake County,4,0,4084,2062,2022,1990,1934,11,10,32,39,1,4,2,2,26,33
50,27,125,Minnesota,Red Lake County,5,0,4061,2048,2013,1964,1912,13,18,38,40,1,4,2,2,30,37
50,27,125,Minnesota,Red Lake County,6,0,4032,2033,1999,1951,1905,13,14,36,38,3,6,2,2,28,34
50,27,125,Minnesota,Red Lake County,7,0,3998,2029,1969,1945,1870,13,14,39,43,2,7,2,2,28,33
50,27,125,Minnesota,Red Lake County,8,0,4032,2031,2001,1943,1906,13,13,40,39,2,8,2,2,31,33
50,27,125,Minnesota,Red Lake County,9,0,3990,2027,1963,1938,1869,12,13,41,39,2,9,2,2,32,31
50,27,125,Minnesota,Red Lake County,10,0,4022,2045,1977,1939,1873,13,16,51,42,3,11,2,2,37,33
50,27,125,Minnesota,Red Lake County,11,0,3999,2042,1957,1941,1852,12,15,47,39,3,15,2,2,37,34
50,27,127,Minnesota,Redwood County,1,0,16059,7963,8096,7102,7245,51,40,405,405,264,254,1,1,140,151
50,27,127,Minnesota,Redwood County,4,0,16024,7950,8074,7104,7218,52,40,396,419,265,254,1,2,132,141
50,27,127,Minnesota,Redwood County,5,0,15819,7843,7976,7046,7158,61,44,355,395,242,234,2,3,137,142
50,27,127,Minnesota,Redwood County,6,0,15685,7792,7893,6991,7079,60,44,360,385,242,225,2,3,137,157
50,27,127,Minnesota,Redwood County,7,0,15531,7747,7784,6925,6986,68,52,358,374,246,217,2,4,148,151
50,27,127,Minnesota,Redwood County,8,0,15422,7667,7755,6871,6965,65,46,341,379,243,200,2,5,145,160
50,27,127,Minnesota,Redwood County,9,0,15210,7583,7627,6796,6834,69,45,322,383,243,201,2,5,151,159
50,27,127,Minnesota,Redwood County,10,0,15243,7599,7644,6817,6841,66,51,332,391,224,188,2,6,158,167
50,27,127,Minnesota,Redwood County,11,0,15249,7611,7638,6791,6803,77,59,352,403,222,195,2,7,167,171
50,27,129,Minnesota,Renville County,1,0,15730,7948,7782,7763,7594,28,16,60,55,13,41,1,5,83,71
50,27,129,Minnesota,Renville County,4,0,15423,7821,7602,7601,7389,27,19,72,59,25,47,1,5,95,83
50,27,129,Minnesota,Renville County,5,0,15282,7739,7543,7486,7301,33,22,90,76,28,50,1,5,101,89
50,27,129,Minnesota,Renville County,6,0,15069,7666,7403,7412,7152,44,31,87,80,36,52,1,5,86,83
50,27,129,Minnesota,Renville County,7,0,14932,7603,7329,7337,7062,46,26,90,91,45,53,1,5,84,92
50,27,129,Minnesota,Renville County,8,0,14792,7550,7242,7243,6952,51,28,113,108,53,53,3,5,87,96
50,27,129,Minnesota,Renville County,9,0,14604,7417,7187,7095,6894,54,33,121,104,57,58,1,5,89,93
50,27,129,Minnesota,Renville County,10,0,14667,7462,7205,7118,6887,62,44,125,105,69,61,1,5,87,103
50,27,129,Minnesota,Renville County,11,0,14612,7427,7185,7071,6866,57,36,127,99,68,63,1,5,103,116
50,27,131,Minnesota,Rice County,1,0,64142,32796,31346,29956,29428,1459,643,260,115,632,704,23,27,466,429
50,27,131,Minnesota,Rice County,4,0,64454,32911,31543,29890,29472,1578,729,264,132,669,719,24,31,486,460
50,27,131,Minnesota,Rice County,5,0,64436,32915,31521,29797,29387,1674,816,263,130,678,703,23,31,480,454
50,27,131,Minnesota,Rice County,6,0,64642,33030,31612,29747,29358,1768,902,270,132,704,733,31,34,510,453
50,27,131,Minnesota,Rice County,7,0,64997,33219,31778,29805,29327,1865,1022,291,145,703,759,29,35,526,490
50,27,131,Minnesota,Rice County,8,0,65307,33349,31958,29800,29287,1993,1169,288,148,699,783,30,35,539,536
50,27,131,Minnesota,Rice County,9,0,65825,33529,32296,29895,29471,2110,1307,278,143,698,812,33,38,515,525
50,27,131,Minnesota,Rice County,10,0,66173,33697,32476,29885,29455,2237,1447,297,152,693,833,38,36,547,553
50,27,131,Minnesota,Rice County,11,0,66523,33901,32622,29946,29492,2334,1517,302,158,697,847,41,35,581,573
50,27,133,Minnesota,Rock County,1,0,9687,4788,4899,4641,4778,42,18,22,15,24,30,1,0,58,58
50,27,133,Minnesota,Rock County,4,0,9598,4731,4867,4568,4744,45,16,29,18,30,34,1,0,58,55
50,27,133,Minnesota,Rock County,5,0,9480,4670,4810,4508,4679,46,24,29,21,32,33,1,0,54,53
50,27,133,Minnesota,Rock County,6,0,9427,4647,4780,4476,4644,52,27,32,24,33,35,1,0,53,50
50,27,133,Minnesota,Rock County,7,0,9377,4619,4758,4449,4607,45,32,31,26,35,32,1,0,58,61
50,27,133,Minnesota,Rock County,8,0,9437,4633,4804,4465,4649,41,25,32,27,35,38,1,0,59,65
50,27,133,Minnesota,Rock County,9,0,9383,4637,4746,4434,4580,63,30,42,26,36,42,1,0,61,68
50,27,133,Minnesota,Rock County,10,0,9453,4653,4800,4449,4635,58,29,45,30,35,42,1,0,65,64
50,27,133,Minnesota,Rock County,11,0,9414,4636,4778,4429,4599,53,33,49,29,32,42,1,2,72,73
50,27,135,Minnesota,Roseau County,1,0,15629,7980,7649,7557,7237,20,19,108,93,206,191,1,2,88,107
50,27,135,Minnesota,Roseau County,4,0,15515,7923,7592,7504,7149,21,23,106,94,206,203,1,3,85,120
50,27,135,Minnesota,Roseau County,5,0,15510,7920,7590,7470,7141,30,24,115,97,212,198,1,2,92,128
50,27,135,Minnesota,Roseau County,6,0,15495,7923,7572,7465,7091,26,34,117,98,207,202,2,3,106,144
50,27,135,Minnesota,Roseau County,7,0,15678,8051,7627,7551,7110,36,42,128,112,223,228,2,2,111,133
50,27,135,Minnesota,Roseau County,8,0,15619,8009,7610,7490,7069,43,45,144,123,222,225,2,3,108,145
50,27,135,Minnesota,Roseau County,9,0,15554,7998,7556,7464,7012,52,56,144,124,212,216,2,2,124,146
50,27,135,Minnesota,Roseau County,10,0,15311,7872,7439,7347,6893,48,51,146,126,207,214,2,2,122,153
50,27,135,Minnesota,Roseau County,11,0,15150,7795,7355,7252,6793,47,51,160,138,208,217,2,2,126,154
50,27,137,Minnesota,St. Louis County,1,0,200226,100207,100019,93254,93490,1707,1061,2255,2265,814,985,35,31,2142,2187
50,27,137,Minnesota,St. Louis County,4,0,200393,100499,99894,93374,93220,1739,1065,2287,2270,875,1065,41,39,2183,2235
50,27,137,Minnesota,St. Louis County,5,0,200348,100589,99759,93340,92987,1767,1124,2331,2310,914,1065,39,42,2198,2231
50,27,137,Minnesota,St. Louis County,6,0,200440,100658,99782,93272,92856,1784,1154,2369,2314,946,1126,47,47,2240,2285
50,27,137,Minnesota,St. Louis County,7,0,200647,100841,99806,93282,92761,1841,1173,2381,2315,987,1165,46,49,2304,2343
50,27,137,Minnesota,St. Louis County,8,0,200276,100646,99630,93007,92466,1828,1171,2401,2384,1019,1184,46,48,2345,2377
50,27,137,Minnesota,St. Louis County,9,0,199925,100269,99656,92637,92407,1799,1252,2379,2386,1024,1177,47,46,2383,2388
50,27,137,Minnesota,St. Louis County,10,0,199798,100121,99677,92358,92271,1870,1339,2349,2374,1033,1205,51,47,2460,2441
50,27,137,Minnesota,St. Louis County,11,0,199754,100283,99471,92324,91997,1954,1323,2371,2405,1065,1249,53,49,2516,2448
50,27,139,Minnesota,Scott County,1,0,129928,64715,65213,57482,57553,1797,1710,587,645,3568,3967,52,68,1229,1270
50,27,139,Minnesota,Scott County,4,0,132560,66022,66538,58383,58422,1915,1890,620,684,3749,4135,66,80,1289,1327
50,27,139,Minnesota,Scott County,5,0,135120,67308,67812,59281,59444,2078,2067,648,673,3920,4217,54,57,1327,1354
50,27,139,Minnesota,Scott County,6,0,137260,68524,68736,59989,60039,2279,2198,712,696,4048,4325,56,65,1440,1413
50,27,139,Minnesota,Scott County,7,0,139182,69497,69685,60575,60530,2497,2410,722,729,4131,4429,56,66,1516,1521
50,27,139,Minnesota,Scott County,8,0,141361,70496,70865,61206,61326,2680,2612,732,753,4238,4513,54,72,1586,1589
50,27,139,Minnesota,Scott County,9,0,143340,71429,71911,61745,61818,2921,2923,751,785,4312,4651,57,73,1643,1661
50,27,139,Minnesota,Scott County,10,0,145595,72487,73108,62201,62469,3279,3253,789,799,4447,4785,69,81,1702,1721
50,27,139,Minnesota,Scott County,11,0,147381,73440,73941,62738,62898,3571,3582,804,814,4481,4853,65,82,1781,1712
50,27,141,Minnesota,Sherburne County,1,0,88499,45273,43226,42557,41210,1163,550,286,168,549,594,8,12,710,692
50,27,141,Minnesota,Sherburne County,4,0,89258,45596,43662,42853,41593,1172,566,318,179,528,605,11,13,714,706
50,27,141,Minnesota,Sherburne County,5,0,89455,45683,43772,42989,41750,1152,583,313,170,504,566,13,13,712,690
50,27,141,Minnesota,Sherburne County,6,0,90067,46082,43985,43350,41893,1193,600,297,182,488,563,16,16,738,731
50,27,141,Minnesota,Sherburne County,7,0,90888,46579,44309,43745,42107,1250,671,310,183,478,563,15,17,781,768
50,27,141,Minnesota,Sherburne County,8,0,91416,46817,44599,43900,42285,1304,722,315,197,474,591,18,18,806,786
50,27,141,Minnesota,Sherburne County,9,0,93266,47859,45407,44667,42795,1469,884,330,223,485,622,20,18,888,865
50,27,141,Minnesota,Sherburne County,10,0,94547,48521,46026,45161,43309,1573,943,329,216,501,626,19,16,938,916
50,27,141,Minnesota,Sherburne County,11,0,96036,49201,46835,45611,43871,1686,1063,334,222,558,682,18,16,994,981
50,27,143,Minnesota,Sibley County,1,0,15226,7648,7578,7492,7377,36,23,18,19,31,54,2,4,69,101
50,27,143,Minnesota,Sibley County,4,0,15160,7606,7554,7433,7347,41,28,28,25,28,50,2,4,74,100
50,27,143,Minnesota,Sibley County,5,0,15075,7567,7508,7398,7309,36,28,24,26,32,52,2,4,75,89
50,27,143,Minnesota,Sibley County,6,0,15050,7528,7522,7343,7310,45,32,27,28,31,55,3,4,79,93
50,27,143,Minnesota,Sibley County,7,0,14925,7481,7444,7290,7217,49,42,24,30,33,55,3,4,82,96
50,27,143,Minnesota,Sibley County,8,0,14887,7507,7380,7295,7150,52,36,30,26,34,57,3,4,93,107
50,27,143,Minnesota,Sibley County,9,0,14815,7471,7344,7248,7105,72,48,28,29,39,59,3,4,81,99
50,27,143,Minnesota,Sibley County,10,0,14904,7497,7407,7255,7152,79,50,31,36,43,56,3,4,86,109
50,27,143,Minnesota,Sibley County,11,0,15028,7560,7468,7311,7206,78,49,34,37,45,59,3,4,89,113
50,27,145,Minnesota,Stearns County,1,0,150642,75933,74709,70505,69645,2542,2199,296,262,1504,1521,52,46,1034,1036
50,27,145,Minnesota,Stearns County,4,0,151345,76303,75042,70533,69641,2771,2362,319,289,1525,1611,51,54,1104,1085
50,27,145,Minnesota,Stearns County,5,0,151883,76532,75351,70529,69726,2988,2500,316,282,1521,1672,52,51,1126,1120
50,27,145,Minnesota,Stearns County,6,0,152573,76852,75721,70480,69811,3276,2723,323,287,1552,1699,53,53,1168,1148
50,27,145,Minnesota,Stearns County,7,0,153972,77563,76409,70514,69971,3813,3157,354,299,1586,1729,52,58,1244,1195
50,27,145,Minnesota,Stearns County,8,0,155890,78539,77351,70695,70271,4437,3701,365,285,1673,1787,58,61,1311,1246
50,27,145,Minnesota,Stearns County,9,0,156996,79152,77844,70719,70223,4976,4216,335,270,1755,1812,61,61,1306,1262
50,27,145,Minnesota,Stearns County,10,0,157979,79744,78235,70706,70004,5490,4744,344,283,1780,1855,68,72,1356,1277
50,27,145,Minnesota,Stearns County,11,0,159256,80406,78850,70704,70054,5965,5178,366,301,1865,1895,66,76,1440,1346
50,27,147,Minnesota,Steele County,1,0,36576,18108,18468,17177,17567,541,488,51,49,135,156,3,6,201,202
50,27,147,Minnesota,Steele County,4,0,36562,18113,18449,17132,17527,549,485,57,53,139,160,4,6,232,218
50,27,147,Minnesota,Steele County,5,0,36307,17994,18313,17014,17368,540,478,64,60,135,170,4,7,237,230
50,27,147,Minnesota,Steele County,6,0,36361,17993,18368,17016,17437,522,463,68,62,145,180,5,8,237,218
50,27,147,Minnesota,Steele County,7,0,36481,18065,18416,17029,17447,556,480,78,62,157,187,8,8,237,232
50,27,147,Minnesota,Steele County,8,0,36610,18156,18454,17075,17432,581,514,83,68,172,194,9,9,236,237
50,27,147,Minnesota,Steele County,9,0,36662,18198,18464,17035,17409,651,539,87,65,167,199,10,10,248,242
50,27,147,Minnesota,Steele County,10,0,36824,18290,18534,17075,17432,679,561,94,72,175,209,9,9,258,251
50,27,147,Minnesota,Steele County,11,0,36803,18326,18477,17072,17340,691,571,102,78,178,224,8,9,275,255
50,27,149,Minnesota,Stevens County,1,0,9726,4799,4927,4593,4647,38,43,40,57,60,87,3,2,65,91
50,27,149,Minnesota,Stevens County,4,0,9706,4767,4939,4525,4625,56,55,50,61,65,102,3,3,68,93
50,27,149,Minnesota,Stevens County,5,0,9732,4817,4915,4556,4599,57,56,55,60,71,95,3,2,75,103
50,27,149,Minnesota,Stevens County,6,0,9745,4847,4898,4580,4583,57,53,56,61,75,89,3,2,76,110
50,27,149,Minnesota,Stevens County,7,0,9848,4918,4930,4620,4588,54,48,70,70,87,99,3,2,84,123
50,27,149,Minnesota,Stevens County,8,0,9864,4963,4901,4658,4542,56,50,67,71,92,105,3,2,87,131
50,27,149,Minnesota,Stevens County,9,0,9784,4893,4891,4581,4517,55,49,67,84,102,109,3,2,85,130
50,27,149,Minnesota,Stevens County,10,0,9672,4837,4835,4532,4455,54,46,71,90,87,109,3,2,90,133
50,27,149,Minnesota,Stevens County,11,0,9753,4850,4903,4522,4494,56,49,67,98,100,115,3,2,102,145
50,27,151,Minnesota,Swift County,1,0,9783,4925,4858,4835,4751,24,25,15,28,8,13,1,2,42,39
50,27,151,Minnesota,Swift County,4,0,9678,4867,4811,4766,4677,29,32,16,37,9,18,1,2,46,45
50,27,151,Minnesota,Swift County,5,0,9635,4844,4791,4737,4638,32,41,17,37,11,21,1,3,46,51
50,27,151,Minnesota,Swift County,6,0,9555,4812,4743,4696,4591,29,37,19,33,8,20,3,5,57,57
50,27,151,Minnesota,Swift County,7,0,9489,4787,4702,4661,4545,34,40,20,31,9,21,11,10,52,55
50,27,151,Minnesota,Swift County,8,0,9379,4745,4634,4604,4473,35,41,24,34,12,21,16,12,54,53
50,27,151,Minnesota,Swift County,9,0,9447,4760,4687,4566,4492,51,56,25,35,13,22,24,18,81,64
50,27,151,Minnesota,Swift County,10,0,9396,4718,4678,4496,4453,49,58,26,35,16,24,41,30,90,78
50,27,151,Minnesota,Swift County,11,0,9345,4725,4620,4501,4389,50,55,34,37,17,23,41,28,82,88
50,27,153,Minnesota,Todd County,1,0,24895,12746,12149,12407,11832,67,37,46,43,44,70,31,20,151,147
50,27,153,Minnesota,Todd County,4,0,24887,12757,12130,12389,11795,76,41,47,52,46,73,34,22,165,147
50,27,153,Minnesota,Todd County,5,0,24652,12594,12058,12200,11702,83,43,53,57,45,74,36,22,177,160
50,27,153,Minnesota,Todd County,6,0,24491,12526,11965,12147,11609,72,40,59,56,51,79,28,21,169,160
50,27,153,Minnesota,Todd County,7,0,24357,12506,11851,12113,11486,76,45,68,58,50,83,32,25,167,154
50,27,153,Minnesota,Todd County,8,0,24340,12463,11877,12043,11485,77,55,70,63,56,83,32,28,185,163
50,27,153,Minnesota,Todd County,9,0,24389,12545,11844,12106,11407,84,73,75,75,60,89,35,31,185,169
50,27,153,Minnesota,Todd County,10,0,24532,12615,11917,12152,11484,101,73,79,71,52,87,32,31,199,171
50,27,153,Minnesota,Todd County,11,0,24582,12672,11910,12197,11481,105,73,85,72,53,79,33,35,199,170
50,27,155,Minnesota,Traverse County,1,0,3558,1767,1791,1670,1692,6,7,64,75,2,2,1,0,24,15
50,27,155,Minnesota,Traverse County,4,0,3488,1741,1747,1628,1637,7,8,77,76,3,3,1,0,25,23
50,27,155,Minnesota,Traverse County,5,0,3405,1698,1707,1578,1596,6,6,78,78,2,2,2,3,32,22
50,27,155,Minnesota,Traverse County,6,0,3401,1715,1686,1582,1589,7,7,83,67,3,2,0,0,40,21
50,27,155,Minnesota,Traverse County,7,0,3379,1690,1689,1553,1580,8,7,81,77,3,3,1,1,44,21
50,27,155,Minnesota,Traverse County,8,0,3369,1692,1677,1554,1553,8,7,88,86,3,4,1,1,38,26
50,27,155,Minnesota,Traverse County,9,0,3323,1667,1656,1513,1522,10,7,93,95,3,3,1,1,47,28
50,27,155,Minnesota,Traverse County,10,0,3307,1657,1650,1506,1509,11,10,99,100,3,3,1,1,37,27
50,27,155,Minnesota,Traverse County,11,0,3308,1659,1649,1491,1506,9,10,113,99,3,4,1,1,42,29
50,27,157,Minnesota,Wabasha County,1,0,21676,10866,10810,10659,10589,50,44,20,24,43,55,1,0,93,98
50,27,157,Minnesota,Wabasha County,4,0,21608,10791,10817,10588,10569,46,53,20,31,41,60,2,1,94,103
50,27,157,Minnesota,Wabasha County,5,0,21541,10735,10806,10519,10556,49,57,21,31,44,61,2,1,100,100
50,27,157,Minnesota,Wabasha County,6,0,21566,10754,10812,10513,10531,59,69,24,32,50,68,2,1,106,111
50,27,157,Minnesota,Wabasha County,7,0,21459,10707,10752,10463,10468,63,68,25,35,52,67,2,1,102,113
50,27,157,Minnesota,Wabasha County,8,0,21380,10665,10715,10395,10411,75,83,28,37,56,67,2,1,109,116
50,27,157,Minnesota,Wabasha County,9,0,21425,10695,10730,10419,10409,72,93,32,39,58,74,2,1,112,114
50,27,157,Minnesota,Wabasha County,10,0,21590,10808,10782,10498,10449,76,77,37,44,61,72,2,1,134,139
50,27,157,Minnesota,Wabasha County,11,0,21645,10845,10800,10529,10465,85,74,37,38,67,90,2,1,125,132
50,27,159,Minnesota,Wadena County,1,0,13843,6831,7012,6609,6811,73,43,35,33,10,26,0,0,104,99
50,27,159,Minnesota,Wadena County,4,0,13649,6732,6917,6499,6704,81,50,44,36,11,25,0,0,97,102
50,27,159,Minnesota,Wadena County,5,0,13606,6748,6858,6513,6625,83,55,45,43,19,30,0,0,88,105
50,27,159,Minnesota,Wadena County,6,0,13640,6726,6914,6490,6663,82,57,45,45,18,37,0,0,91,112
50,27,159,Minnesota,Wadena County,7,0,13590,6765,6825,6518,6585,85,54,44,42,17,36,0,0,101,108
50,27,159,Minnesota,Wadena County,8,0,13668,6803,6865,6543,6609,86,57,50,48,18,31,0,0,106,120
50,27,159,Minnesota,Wadena County,9,0,13551,6720,6831,6467,6583,86,59,44,47,17,31,0,1,106,110
50,27,159,Minnesota,Wadena County,10,0,13646,6761,6885,6472,6608,105,66,48,51,21,36,0,0,115,124
50,27,159,Minnesota,Wadena County,11,0,13773,6815,6958,6502,6639,96,67,51,58,24,46,0,1,142,147
50,27,161,Minnesota,Waseca County,1,0,19136,8976,10160,8724,9507,79,317,24,133,58,76,2,3,89,124
50,27,161,Minnesota,Waseca County,4,0,19185,9066,10119,8789,9454,100,322,25,132,57,77,2,3,93,131
50,27,161,Minnesota,Waseca County,5,0,19175,9054,10121,8754,9437,107,327,30,135,61,79,2,3,100,140
50,27,161,Minnesota,Waseca County,6,0,19036,8989,10047,8694,9382,111,322,26,133,62,79,2,3,94,128
50,27,161,Minnesota,Waseca County,7,0,18926,8923,10003,8595,9300,125,336,32,138,64,83,2,3,105,143
50,27,161,Minnesota,Waseca County,8,0,18923,8935,9988,8601,9286,119,326,30,138,68,83,2,5,115,150
50,27,161,Minnesota,Waseca County,9,0,18779,8955,9824,8601,9206,126,288,37,112,69,78,2,4,120,136
50,27,161,Minnesota,Waseca County,10,0,18726,8982,9744,8609,9114,139,297,35,109,73,70,3,4,123,150
50,27,161,Minnesota,Waseca County,11,0,18691,9008,9683,8612,9064,142,280,36,101,87,76,3,4,128,158
50,27,163,Minnesota,Washington County,1,0,238136,117804,120332,104080,107314,4828,3900,699,502,5915,6275,56,42,2226,2299
50,27,163,Minnesota,Washington County,4,0,241394,119435,121959,105039,108297,5167,4241,702,505,6141,6468,67,49,2319,2399
50,27,163,Minnesota,Washington County,5,0,243691,120588,123103,105906,109068,5327,4347,711,523,6165,6596,72,64,2407,2505
50,27,163,Minnesota,Washington County,6,0,245974,121679,124295,106667,109794,5525,4555,729,553,6213,6751,77,76,2468,2566
50,27,163,Minnesota,Washington County,7,0,248541,122969,125572,107467,110504,5676,4761,704,540,6440,6999,77,92,2605,2676
50,27,163,Minnesota,Washington County,8,0,250494,123952,126542,107718,110747,5993,5005,762,566,6640,7282,87,97,2752,2845
50,27,163,Minnesota,Washington County,9,0,252650,124822,127828,108034,111361,6146,5183,769,574,6937,7585,91,96,2845,3029
50,27,163,Minnesota,Washington County,10,0,255697,126388,129309,108891,112065,6422,5559,767,565,7225,7908,85,90,2998,3122
50,27,163,Minnesota,Washington County,11,0,259201,128076,131125,109704,112905,6733,5886,805,598,7655,8396,87,96,3092,3244
50,27,165,Minnesota,Watonwan County,1,0,11211,5612,5599,5431,5394,49,46,51,53,40,57,3,1,38,48
50,27,165,Minnesota,Watonwan County,4,0,11168,5581,5587,5376,5368,58,57,63,55,44,60,3,1,37,46
50,27,165,Minnesota,Watonwan County,5,0,11118,5561,5557,5339,5318,65,59,70,58,49,66,3,1,35,55
50,27,165,Minnesota,Watonwan County,6,0,11053,5494,5559,5248,5303,65,64,79,60,60,74,5,3,37,55
50,27,165,Minnesota,Watonwan County,7,0,10985,5466,5519,5218,5265,60,61,78,60,60,63,7,6,43,64
50,27,165,Minnesota,Watonwan County,8,0,11002,5450,5552,5193,5287,66,63,74,65,65,65,4,2,48,70
50,27,165,Minnesota,Watonwan County,9,0,10982,5435,5547,5177,5280,58,60,76,65,68,69,4,3,52,70
50,27,165,Minnesota,Watonwan County,10,0,10916,5395,5521,5131,5248,68,66,74,67,71,67,4,1,47,72
50,27,165,Minnesota,Watonwan County,11,0,10980,5426,5554,5153,5279,74,64,76,71,66,66,4,3,53,71
50,27,167,Minnesota,Wilkin County,1,0,6576,3335,3241,3253,3160,12,3,32,32,10,10,0,0,28,36
50,27,167,Minnesota,Wilkin County,4,0,6575,3346,3229,3249,3142,12,6,41,32,13,11,0,1,31,37
50,27,167,Minnesota,Wilkin County,5,0,6590,3352,3238,3242,3144,15,8,47,36,13,12,0,1,35,37
50,27,167,Minnesota,Wilkin County,6,0,6494,3303,3191,3193,3090,15,8,46,38,15,12,0,0,34,43
50,27,167,Minnesota,Wilkin County,7,0,6460,3299,3161,3180,3053,17,12,55,36,11,13,0,0,36,47
50,27,167,Minnesota,Wilkin County,8,0,6355,3247,3108,3114,2988,25,14,61,44,11,14,0,0,36,48
50,27,167,Minnesota,Wilkin County,9,0,6322,3247,3075,3111,2958,25,16,64,39,11,14,0,0,36,48
50,27,167,Minnesota,Wilkin County,10,0,6322,3264,3058,3110,2929,29,17,73,45,11,14,0,0,41,53
50,27,167,Minnesota,Wilkin County,11,0,6254,3228,3026,3083,2892,22,18,71,42,12,15,0,0,40,59
50,27,169,Minnesota,Winona County,1,0,51461,25307,26154,24059,24968,381,272,80,63,541,566,1,3,245,282
50,27,169,Minnesota,Winona County,4,0,51348,25297,26051,23938,24764,398,286,97,76,615,634,1,4,248,287
50,27,169,Minnesota,Winona County,5,0,51339,25331,26008,23956,24684,373,271,109,77,642,669,1,3,250,304
50,27,169,Minnesota,Winona County,6,0,51330,25351,25979,23899,24617,390,323,128,85,660,661,1,3,273,290
50,27,169,Minnesota,Winona County,7,0,51057,25279,25778,23797,24364,403,343,122,82,660,678,1,3,296,308
50,27,169,Minnesota,Winona County,8,0,50808,25243,25565,23704,24095,460,396,130,83,644,669,1,3,304,319
50,27,169,Minnesota,Winona County,9,0,50840,25214,25626,23654,24082,460,417,121,88,658,691,2,5,319,343
50,27,169,Minnesota,Winona County,10,0,50704,25148,25556,23560,23985,493,442,126,101,652,687,2,5,315,336
50,27,169,Minnesota,Winona County,11,0,50825,25133,25692,23514,24099,496,452,132,102,665,702,2,5,324,332
50,27,171,Minnesota,Wright County,1,0,124700,62622,62078,60112,59489,739,617,214,247,657,854,23,27,877,844
50,27,171,Minnesota,Wright County,4,0,126216,63489,62727,60824,60065,765,607,215,256,681,873,24,30,980,896
50,27,171,Minnesota,Wright County,5,0,127245,64046,63199,61301,60516,764,582,235,278,688,850,25,28,1033,945
50,27,171,Minnesota,Wright County,6,0,128202,64491,63711,61712,61034,786,588,237,278,688,854,23,24,1045,933
50,27,171,Minnesota,Wright County,7,0,129801,65287,64514,62449,61686,819,677,249,280,698,903,26,25,1046,943
50,27,171,Minnesota,Wright County,8,0,130978,65950,65028,63037,62091,858,730,241,288,690,879,24,27,1100,1013
50,27,171,Minnesota,Wright County,9,0,132343,66731,65612,63642,62489,915,812,244,299,740,910,29,29,1161,1073
50,27,171,Minnesota,Wright County,10,0,134255,67694,66561,64402,63261,987,883,270,306,766,957,27,29,1242,1125
50,27,171,Minnesota,Wright County,11,0,136349,68848,67501,65254,63921,1138,1040,285,321,827,995,31,32,1313,1192
50,27,173,Minnesota,Yellow Medicine County,1,0,10438,5328,5110,5062,4870,18,5,162,158,16,17,3,3,67,57
50,27,173,Minnesota,Yellow Medicine County,4,0,10282,5260,5022,4978,4769,17,11,175,158,18,25,3,3,69,56
50,27,173,Minnesota,Yellow Medicine County,5,0,10150,5181,4969,4883,4682,18,16,186,172,23,33,3,3,68,63
50,27,173,Minnesota,Yellow Medicine County,6,0,10076,5159,4917,4857,4637,20,14,184,167,23,34,3,4,72,61
50,27,173,Minnesota,Yellow Medicine County,7,0,9981,5085,4896,4792,4622,21,13,174,169,27,34,3,4,68,54
50,27,173,Minnesota,Yellow Medicine County,8,0,9836,4994,4842,4692,4546,19,16,179,180,29,34,3,5,72,61
50,27,173,Minnesota,Yellow Medicine County,9,0,9885,4996,4889,4669,4583,31,21,187,189,30,28,3,5,76,63
50,27,173,Minnesota,Yellow Medicine County,10,0,9845,4949,4896,4616,4561,31,26,191,196,30,30,3,5,78,78
50,27,173,Minnesota,Yellow Medicine County,11,0,9795,4948,4847,4603,4505,37,32,190,197,32,30,3,5,83,78
