disasterNumber,county,declarationDate,incidentType,amountOblig
1276,Weld,1999-05-17T00:00:00.000Z,Severe Storm(s),4503.05
1276,Bent,1999-05-17T00:00:00.000Z,Severe Storm(s),37481.59
1276,Otero,1999-05-17T00:00:00.000Z,Severe Storm(s),2883.75
1276,Statewide,1999-05-17T00:00:00.000Z,Severe Storm(s),56869.74
1276,Larimer,1999-05-17T00:00:00.000Z,Severe Storm(s),45339.76
1276,Crowley,1999-05-17T00:00:00.000Z,Severe Storm(s),16110.65
1276,Pueblo,1999-05-17T00:00:00.000Z,Severe Storm(s),19408.5
1276,Larimer,1999-05-17T00:00:00.000Z,Severe Storm(s),32921.45
1276,Statewide,1999-05-17T00:00:00.000Z,Severe Storm(s),129509.9
1276,Otero,1999-05-17T00:00:00.000Z,Severe Storm(s),20952.47
1276,El Paso,1999-05-17T00:00:00.000Z,Severe Storm(s),162918.13
1276,Otero,1999-05-17T00:00:00.000Z,Severe Storm(s),21944.16
1276,Las Animas,1999-05-17T00:00:00.000Z,Severe Storm(s),12637.5
1276,Pueblo,1999-05-17T00:00:00.000Z,Severe Storm(s),150212.24
1276,El Paso,1999-05-17T00:00:00.000Z,Severe Storm(s),750.0
1276,Weld,1999-05-17T00:00:00.000Z,Severe Storm(s),78460.0
1276,Bent,1999-05-17T00:00:00.000Z,Severe Storm(s),0.0
1276,Weld,1999-05-17T00:00:00.000Z,Severe Storm(s),24742.31
1276,Custer,1999-05-17T00:00:00.000Z,Severe Storm(s),13903.8
1276,El Paso,1999-05-17T00:00:00.000Z,Severe Storm(s),2436827.04
1276,Crowley,1999-05-17T00:00:00.000Z,Severe Storm(s),180757.67
1276,El Paso,1999-05-17T00:00:00.000Z,Severe Storm(s),96934.69
1276,Kiowa,1999-05-17T00:00:00.000Z,Severe Storm(s),106351.25
1276,Otero,1999-05-17T00:00:00.000Z,Severe Storm(s),2586.28
1276,Weld,1999-05-17T00:00:00.000Z,Severe Storm(s),149484.47
1276,El Paso,1999-05-17T00:00:00.000Z,Severe Storm(s),19537.5
1276,El Paso,1999-05-17T00:00:00.000Z,Severe Storm(s),0.0
1276,El Paso,1999-05-17T00:00:00.000Z,Severe Storm(s),0.0
1276,Bent,1999-05-17T00:00:00.000Z,Severe Storm(s),28065.48
1276,Larimer,1999-05-17T00:00:00.000Z,Severe Storm(s),0.0
1276,Las Animas,1999-05-17T00:00:00.000Z,Severe Storm(s),54343.11
1276,Crowley,1999-05-17T00:00:00.000Z,Severe Storm(s),35467.61
1276,El Paso,1999-05-17T00:00:00.000Z,Severe Storm(s),167955.08
1276,El Paso,1999-05-17T00:00:00.000Z,Severe Storm(s),8073.75
1276,Pueblo,1999-05-17T00:00:00.000Z,Severe Storm(s),141357.82
1276,El Paso,1999-05-17T00:00:00.000Z,Severe Storm(s),6290.25
1276,Elbert,1999-05-17T00:00:00.000Z,Severe Storm(s),107550.18
1276,El Paso,1999-05-17T00:00:00.000Z,Severe Storm(s),27454.76
1276,Fremont,1999-05-17T00:00:00.000Z,Severe Storm(s),16958.25
1276,Otero,1999-05-17T00:00:00.000Z,Severe Storm(s),147197.68
1276,El Paso,1999-05-17T00:00:00.000Z,Severe Storm(s),15264.75
1276,Elbert,1999-05-17T00:00:00.000Z,Severe Storm(s),23287.5
1276,Larimer,1999-05-17T00:00:00.000Z,Severe Storm(s),156355.88
1276,Fremont,1999-05-17T00:00:00.000Z,Severe Storm(s),21036.19
1276,Larimer,1999-05-17T00:00:00.000Z,Severe Storm(s),86766.07
1276,El Paso,1999-05-17T00:00:00.000Z,Severe Storm(s),35083.56
1276,Crowley,1999-05-17T00:00:00.000Z,Severe Storm(s),21680.33
1276,El Paso,1999-05-17T00:00:00.000Z,Severe Storm(s),124201.41
1374,Statewide,2001-05-17T00:00:00.000Z,Severe Storm(s),3750.0
1374,Statewide,2001-05-17T00:00:00.000Z,Severe Storm(s),38544.0
1374,Sedgwick,2001-05-17T00:00:00.000Z,Severe Storm(s),1162.19
1374,Statewide,2001-05-17T00:00:00.000Z,Severe Storm(s),-53413.69
1374,Statewide,2001-05-17T00:00:00.000Z,Severe Storm(s),181748.84
1374,Sedgwick,2001-05-17T00:00:00.000Z,Severe Storm(s),9043.49
1374,Statewide,2001-05-17T00:00:00.000Z,Severe Storm(s),268131.71
1374,Statewide,2001-05-17T00:00:00.000Z,Severe Storm(s),1651399.75
1374,Sedgwick,2001-05-17T00:00:00.000Z,Severe Storm(s),1655.81
1374,Prowers,2001-05-17T00:00:00.000Z,Severe Storm(s),375.0
1374,Statewide,2001-05-17T00:00:00.000Z,Severe Storm(s),624274.95
1374,Statewide,2001-05-17T00:00:00.000Z,Severe Storm(s),750.0
1374,Sedgwick,2001-05-17T00:00:00.000Z,Severe Storm(s),375.0
1374,Statewide,2001-05-17T00:00:00.000Z,Severe Storm(s),817142.96
1374,Statewide,2001-05-17T00:00:00.000Z,Severe Storm(s),218759.25
1374,Statewide,2001-05-17T00:00:00.000Z,Severe Storm(s),280244.58
1374,Statewide,2001-05-17T00:00:00.000Z,Severe Storm(s),0.0
1374,Statewide,2001-05-17T00:00:00.000Z,Severe Storm(s),404859.33
3185,Arapahoe,2003-04-09T00:00:00.000Z,Snow,47008.75
3185,Adams,2003-04-09T00:00:00.000Z,Snow,10418.4
3185,Arapahoe,2003-04-09T00:00:00.000Z,Snow,19920.65
3185,Arapahoe,2003-04-09T00:00:00.000Z,Snow,54067.08
3185,Arapahoe,2003-04-09T00:00:00.000Z,Snow,5506.2
3185,Adams,2003-04-09T00:00:00.000Z,Snow,193498.11
3185,Arapahoe,2003-04-09T00:00:00.000Z,Snow,2790.0
3185,Arapahoe,2003-04-09T00:00:00.000Z,Snow,5523.68
3185,Adams,2003-04-09T00:00:00.000Z,Snow,16643.13
3185,Clear Creek,2003-04-09T00:00:00.000Z,Snow,2878.65
3185,Arapahoe,2003-04-09T00:00:00.000Z,Snow,5203.24
3185,Statewide,2003-04-09T00:00:00.000Z,Snow,6076.35
3185,Gilpin,2003-04-09T00:00:00.000Z,Snow,11985.5
3185,El Paso,2003-04-09T00:00:00.000Z,Snow,39607.29
3185,Costilla,2003-04-09T00:00:00.000Z,Snow,10063.96
3185,Statewide,2003-04-09T00:00:00.000Z,Snow,-13877.28
3185,Statewide,2003-04-09T00:00:00.000Z,Snow,2485.01
3185,Statewide,2003-04-09T00:00:00.000Z,Snow,1238.93
3185,Boulder,2003-04-09T00:00:00.000Z,Snow,3504.3
3185,Statewide,2003-04-09T00:00:00.000Z,Snow,34000.1
3185,Statewide,2003-04-09T00:00:00.000Z,Snow,16115.95
3185,Boulder,2003-04-09T00:00:00.000Z,Snow,28312.5
3185,Statewide,2003-04-09T00:00:00.000Z,Snow,3949.75
3185,Statewide,2003-04-09T00:00:00.000Z,Snow,61941.55
3185,Statewide,2003-04-09T00:00:00.000Z,Snow,702999.42
3185,Weld,2003-04-09T00:00:00.000Z,Snow,87065.52
3185,Statewide,2003-04-09T00:00:00.000Z,Snow,10795.28
3185,Statewide,2003-04-09T00:00:00.000Z,Snow,10930.96
3185,Teller,2003-04-09T00:00:00.000Z,Snow,9441.27
3185,Chaffee,2003-04-09T00:00:00.000Z,Snow,7178.01
3185,Grand,2003-04-09T00:00:00.000Z,Snow,3759.64
3185,Las Animas,2003-04-09T00:00:00.000Z,Snow,3896.63
3185,Statewide,2003-04-09T00:00:00.000Z,Snow,2313.75
3185,Boulder,2003-04-09T00:00:00.000Z,Snow,11236.86
3185,Arapahoe,2003-04-09T00:00:00.000Z,Snow,2408.2
3185,Statewide,2003-04-09T00:00:00.000Z,Snow,15041.7
3185,Statewide,2003-04-09T00:00:00.000Z,Snow,17917.56
3185,Weld,2003-04-09T00:00:00.000Z,Snow,21121.99
3185,Clear Creek,2003-04-09T00:00:00.000Z,Snow,4886.71
3185,Adams,2003-04-09T00:00:00.000Z,Snow,128394.7
3185,Statewide,2003-04-09T00:00:00.000Z,Snow,46927.24
3185,Statewide,2003-04-09T00:00:00.000Z,Snow,21475.2
3185,Statewide,2003-04-09T00:00:00.000Z,Snow,2737.01
3185,Statewide,2003-04-09T00:00:00.000Z,Snow,11568.36
3185,Pueblo,2003-04-09T00:00:00.000Z,Snow,32499.37
3185,Statewide,2003-04-09T00:00:00.000Z,Snow,2786.28
3185,Statewide,2003-04-09T00:00:00.000Z,Snow,4110.0
3185,Grand,2003-04-09T00:00:00.000Z,Snow,6369.24
3185,Statewide,2003-04-09T00:00:00.000Z,Snow,1229.85
3185,Adams,2003-04-09T00:00:00.000Z,Snow,11248.95
3185,Statewide,2003-04-09T00:00:00.000Z,Snow,149657.32
3185,Statewide,2003-04-09T00:00:00.000Z,Snow,6118.25
3185,Arapahoe,2003-04-09T00:00:00.000Z,Snow,26462.88
3185,Statewide,2003-04-09T00:00:00.000Z,Snow,57147.37
3185,Douglas,2003-04-09T00:00:00.000Z,Snow,185438.52
3185,Gilpin,2003-04-09T00:00:00.000Z,Snow,37279.11
3185,Statewide,2003-04-09T00:00:00.000Z,Snow,7351.88
3185,Statewide,2003-04-09T00:00:00.000Z,Snow,12095.78
3185,Statewide,2003-04-09T00:00:00.000Z,Snow,2525.83
3185,Jefferson,2003-04-09T00:00:00.000Z,Snow,18086.4
3185,Douglas,2003-04-09T00:00:00.000Z,Snow,61229.49
3185,Statewide,2003-04-09T00:00:00.000Z,Snow,4509.83
3185,Teller,2003-04-09T00:00:00.000Z,Snow,17625.51
3185,Arapahoe,2003-04-09T00:00:00.000Z,Snow,2625.0
3185,Park,2003-04-09T00:00:00.000Z,Snow,1491.62
3185,Statewide,2003-04-09T00:00:00.000Z,Snow,53407.2
3185,Clear Creek,2003-04-09T00:00:00.000Z,Snow,7814.0
3185,Gilpin,2003-04-09T00:00:00.000Z,Snow,4604.36
3185,Teller,2003-04-09T00:00:00.000Z,Snow,29074.79
3185,Statewide,2003-04-09T00:00:00.000Z,Snow,174538.18
3185,Statewide,2003-04-09T00:00:00.000Z,Snow,14009.25
3185,Pueblo,2003-04-09T00:00:00.000Z,Snow,1826.09
3185,Statewide,2003-04-09T00:00:00.000Z,Snow,46524.18
3185,Elbert,2003-04-09T00:00:00.000Z,Snow,3267.33
3185,Boulder,2003-04-09T00:00:00.000Z,Snow,16318.49
3185,Boulder,2003-04-09T00:00:00.000Z,Snow,28473.92
3185,Weld,2003-04-09T00:00:00.000Z,Snow,2029.63
3185,Statewide,2003-04-09T00:00:00.000Z,Snow,2585.67
3185,Statewide,2003-04-09T00:00:00.000Z,Snow,1648.82
3185,Arapahoe,2003-04-09T00:00:00.000Z,Snow,267818.24
3185,Statewide,2003-04-09T00:00:00.000Z,Snow,1732.79
3185,Statewide,2003-04-09T00:00:00.000Z,Snow,91394.9
3185,Statewide,2003-04-09T00:00:00.000Z,Snow,5473.11
3185,Denver,2003-04-09T00:00:00.000Z,Snow,1079342.4
3185,Grand,2003-04-09T00:00:00.000Z,Snow,23588.57
3185,Statewide,2003-04-09T00:00:00.000Z,Snow,3619.16
3185,Broomfield,2003-04-09T00:00:00.000Z,Snow,55180.31
3185,Statewide,2003-04-09T00:00:00.000Z,Snow,10623.86
3185,Jefferson,2003-04-09T00:00:00.000Z,Snow,14453.03
3185,El Paso,2003-04-09T00:00:00.000Z,Snow,2624.15
3185,Statewide,2003-04-09T00:00:00.000Z,Snow,1383.0
3185,Statewide,2003-04-09T00:00:00.000Z,Snow,2532.35
3185,Boulder,2003-04-09T00:00:00.000Z,Snow,51900.18
3185,Statewide,2003-04-09T00:00:00.000Z,Snow,1314.53
3185,Statewide,2003-04-09T00:00:00.000Z,Snow,31930.67
3185,Weld,2003-04-09T00:00:00.000Z,Snow,7214.85
3185,Clear Creek,2003-04-09T00:00:00.000Z,Snow,40931.75
3185,Larimer,2003-04-09T00:00:00.000Z,Snow,12542.94
3185,Statewide,2003-04-09T00:00:00.000Z,Snow,2013.68
3185,Statewide,2003-04-09T00:00:00.000Z,Snow,18956.42
3185,Statewide,2003-04-09T00:00:00.000Z,Snow,2525.63
3185,Park,2003-04-09T00:00:00.000Z,Snow,33101.29
3185,El Paso,2003-04-09T00:00:00.000Z,Snow,4418.31
3185,Statewide,2003-04-09T00:00:00.000Z,Snow,37574.67
3185,Statewide,2003-04-09T00:00:00.000Z,Snow,1548.75
3185,El Paso,2003-04-09T00:00:00.000Z,Snow,996.67
3185,Custer,2003-04-09T00:00:00.000Z,Snow,3971.31
3185,Grand,2003-04-09T00:00:00.000Z,Snow,3182.61
3185,Jefferson,2003-04-09T00:00:00.000Z,Snow,152115.98
3185,Larimer,2003-04-09T00:00:00.000Z,Snow,4227.99
3185,Larimer,2003-04-09T00:00:00.000Z,Snow,34531.81
3185,Larimer,2003-04-09T00:00:00.000Z,Snow,102059.11
3185,Statewide,2003-04-09T00:00:00.000Z,Snow,10897.59
3185,Jefferson,2003-04-09T00:00:00.000Z,Snow,83088.2
3185,Jackson,2003-04-09T00:00:00.000Z,Snow,3873.3
3185,Statewide,2003-04-09T00:00:00.000Z,Snow,3315.75
3185,Douglas,2003-04-09T00:00:00.000Z,Snow,65969.83
3185,Fremont,2003-04-09T00:00:00.000Z,Snow,14309.55
3185,Jefferson,2003-04-09T00:00:00.000Z,Snow,1129.5
3185,Douglas,2003-04-09T00:00:00.000Z,Snow,3775.31
3185,Statewide,2003-04-09T00:00:00.000Z,Snow,1908.41
3185,Statewide,2003-04-09T00:00:00.000Z,Snow,5671.31
3185,Custer,2003-04-09T00:00:00.000Z,Snow,1618.76
3185,El Paso,2003-04-09T00:00:00.000Z,Snow,71870.04
3185,Jefferson,2003-04-09T00:00:00.000Z,Snow,194422.44
3185,Statewide,2003-04-09T00:00:00.000Z,Snow,2220.5
3185,Statewide,2003-04-09T00:00:00.000Z,Snow,3211.8
3185,Custer,2003-04-09T00:00:00.000Z,Snow,21483.61
3185,Huerfano,2003-04-09T00:00:00.000Z,Snow,21469.91
3185,Jefferson,2003-04-09T00:00:00.000Z,Snow,81022.48
3185,Summit,2003-04-09T00:00:00.000Z,Snow,19391.97
3185,Las Animas,2003-04-09T00:00:00.000Z,Snow,24859.58
3185,Elbert,2003-04-09T00:00:00.000Z,Snow,48310.93
3185,Boulder,2003-04-09T00:00:00.000Z,Snow,7485.21
3185,Adams,2003-04-09T00:00:00.000Z,Snow,14628.01
3185,Statewide,2003-04-09T00:00:00.000Z,Snow,48824.75
3185,Grand,2003-04-09T00:00:00.000Z,Snow,9682.46
3185,Statewide,2003-04-09T00:00:00.000Z,Snow,8404.18
3185,Douglas,2003-04-09T00:00:00.000Z,Snow,30246.0
3185,Statewide,2003-04-09T00:00:00.000Z,Snow,8532.19
3185,Clear Creek,2003-04-09T00:00:00.000Z,Snow,57998.49
3185,Arapahoe,2003-04-09T00:00:00.000Z,Snow,103803.83
3185,Larimer,2003-04-09T00:00:00.000Z,Snow,68149.6
3224,Statewide,2005-09-05T00:00:00.000Z,Coastal Storm,2610982.92
3224,Statewide,2005-09-05T00:00:00.000Z,Coastal Storm,10385285.92
3270,Pueblo,2007-01-07T00:00:00.000Z,Snow,21061.82
3270,Larimer,2007-01-07T00:00:00.000Z,Snow,9755.81
3270,Adams,2007-01-07T00:00:00.000Z,Snow,133215.81
3270,Jefferson,2007-01-07T00:00:00.000Z,Snow,24823.61
3270,Adams,2007-01-07T00:00:00.000Z,Snow,318041.46
3270,Statewide,2007-01-07T00:00:00.000Z,Snow,22445.42
3270,Boulder,2007-01-07T00:00:00.000Z,Snow,40501.93
3270,Boulder,2007-01-07T00:00:00.000Z,Snow,4799.62
3270,Boulder,2007-01-07T00:00:00.000Z,Snow,787.5
3270,Elbert,2007-01-07T00:00:00.000Z,Snow,1421.45
3270,Gilpin,2007-01-07T00:00:00.000Z,Snow,17643.61
3270,Boulder,2007-01-07T00:00:00.000Z,Snow,11419.13
3270,Arapahoe,2007-01-07T00:00:00.000Z,Snow,6605.12
3270,Larimer,2007-01-07T00:00:00.000Z,Snow,27967.67
3270,Statewide,2007-01-07T00:00:00.000Z,Snow,787.5
3270,Larimer,2007-01-07T00:00:00.000Z,Snow,8427.31
3270,Statewide,2007-01-07T00:00:00.000Z,Snow,809.06
3270,Las Animas,2007-01-07T00:00:00.000Z,Snow,2025.0
3270,Elbert,2007-01-07T00:00:00.000Z,Snow,1312.5
3270,Statewide,2007-01-07T00:00:00.000Z,Snow,8775.44
3270,Adams,2007-01-07T00:00:00.000Z,Snow,207259.97
3270,Gilpin,2007-01-07T00:00:00.000Z,Snow,6280.94
3270,Statewide,2007-01-07T00:00:00.000Z,Snow,20838.75
3270,Arapahoe,2007-01-07T00:00:00.000Z,Snow,46081.33
3270,Larimer,2007-01-07T00:00:00.000Z,Snow,8618.61
3270,Statewide,2007-01-07T00:00:00.000Z,Snow,4788.65
3270,Gilpin,2007-01-07T00:00:00.000Z,Snow,12090.24
3270,Larimer,2007-01-07T00:00:00.000Z,Snow,152771.25
3270,Arapahoe,2007-01-07T00:00:00.000Z,Snow,2882.95
3270,Adams,2007-01-07T00:00:00.000Z,Snow,19699.71
3270,Douglas,2007-01-07T00:00:00.000Z,Snow,39083.23
3270,Jefferson,2007-01-07T00:00:00.000Z,Snow,131258.34
3270,Custer,2007-01-07T00:00:00.000Z,Snow,1147.65
3270,Arapahoe,2007-01-07T00:00:00.000Z,Snow,6611.57
3270,El Paso,2007-01-07T00:00:00.000Z,Snow,78755.64
3270,Statewide,2007-01-07T00:00:00.000Z,Snow,6365.19
3270,Statewide,2007-01-07T00:00:00.000Z,Snow,5642.93
3270,Jefferson,2007-01-07T00:00:00.000Z,Snow,3028.19
3270,Jefferson,2007-01-07T00:00:00.000Z,Snow,50490.15
3270,Jefferson,2007-01-07T00:00:00.000Z,Snow,201054.11
3270,Custer,2007-01-07T00:00:00.000Z,Snow,2080.56
3270,Pueblo,2007-01-07T00:00:00.000Z,Snow,1113.75
3270,Statewide,2007-01-07T00:00:00.000Z,Snow,34932.98
3270,Jefferson,2007-01-07T00:00:00.000Z,Snow,136174.33
3270,Statewide,2007-01-07T00:00:00.000Z,Snow,2836.13
3270,Statewide,2007-01-07T00:00:00.000Z,Snow,25778.44
3270,Pueblo,2007-01-07T00:00:00.000Z,Snow,42981.99
3270,Statewide,2007-01-07T00:00:00.000Z,Snow,1012.5
3270,Arapahoe,2007-01-07T00:00:00.000Z,Snow,79086.02
3270,Statewide,2007-01-07T00:00:00.000Z,Snow,5537.63
3270,Boulder,2007-01-07T00:00:00.000Z,Snow,95772.26
3270,Statewide,2007-01-07T00:00:00.000Z,Snow,1821.6
3270,Jefferson,2007-01-07T00:00:00.000Z,Snow,96710.54
3270,Denver,2007-01-07T00:00:00.000Z,Snow,1612348.46
3270,Statewide,2007-01-07T00:00:00.000Z,Snow,2098.13
3270,Larimer,2007-01-07T00:00:00.000Z,Snow,72118.83
3270,Las Animas,2007-01-07T00:00:00.000Z,Snow,1843.26
3270,Statewide,2007-01-07T00:00:00.000Z,Snow,27405.78
3270,Statewide,2007-01-07T00:00:00.000Z,Snow,12720.08
3270,El Paso,2007-01-07T00:00:00.000Z,Snow,2040.35
3270,Arapahoe,2007-01-07T00:00:00.000Z,Snow,1785.0
3270,Statewide,2007-01-07T00:00:00.000Z,Snow,3583.88
3270,Las Animas,2007-01-07T00:00:00.000Z,Snow,48604.15
3270,El Paso,2007-01-07T00:00:00.000Z,Snow,4419.91
3270,Statewide,2007-01-07T00:00:00.000Z,Snow,12437.49
3270,Adams,2007-01-07T00:00:00.000Z,Snow,52693.17
3270,Elbert,2007-01-07T00:00:00.000Z,Snow,57807.32
3270,Jefferson,2007-01-07T00:00:00.000Z,Snow,6914.27
3270,Statewide,2007-01-07T00:00:00.000Z,Snow,8192.52
3270,Statewide,2007-01-07T00:00:00.000Z,Snow,5290.04
3270,Statewide,2007-01-07T00:00:00.000Z,Snow,29292.96
3270,El Paso,2007-01-07T00:00:00.000Z,Snow,4506.66
3270,Elbert,2007-01-07T00:00:00.000Z,Snow,2820.53
3270,El Paso,2007-01-07T00:00:00.000Z,Snow,2276.25
3270,Adams,2007-01-07T00:00:00.000Z,Snow,6664.91
3270,Statewide,2007-01-07T00:00:00.000Z,Snow,15835.54
3270,Las Animas,2007-01-07T00:00:00.000Z,Snow,143051.18
3270,Boulder,2007-01-07T00:00:00.000Z,Snow,28543.3
3270,Boulder,2007-01-07T00:00:00.000Z,Snow,52014.57
3270,Arapahoe,2007-01-07T00:00:00.000Z,Snow,2041.28
3270,Las Animas,2007-01-07T00:00:00.000Z,Snow,750.0
3270,Statewide,2007-01-07T00:00:00.000Z,Snow,1252.5
3270,Douglas,2007-01-07T00:00:00.000Z,Snow,191210.12
3270,Statewide,2007-01-07T00:00:00.000Z,Snow,59186.85
3270,Boulder,2007-01-07T00:00:00.000Z,Snow,791.25
3270,El Paso,2007-01-07T00:00:00.000Z,Snow,94466.3
3270,Statewide,2007-01-07T00:00:00.000Z,Snow,777.0
3270,Custer,2007-01-07T00:00:00.000Z,Snow,16756.98
3270,Broomfield,2007-01-07T00:00:00.000Z,Snow,61116.65
3270,Arapahoe,2007-01-07T00:00:00.000Z,Snow,1719.94
3270,Larimer,2007-01-07T00:00:00.000Z,Snow,80138.0
3270,Statewide,2007-01-07T00:00:00.000Z,Snow,21418.09
3270,Statewide,2007-01-07T00:00:00.000Z,Snow,22768.55
3271,Otero,2007-01-07T00:00:00.000Z,Snow,27313.95
3270,Statewide,2007-01-07T00:00:00.000Z,Snow,2700.0
3270,Statewide,2007-01-07T00:00:00.000Z,Snow,49515.08
3270,Statewide,2007-01-07T00:00:00.000Z,Snow,18619.52
3271,Pueblo,2007-01-07T00:00:00.000Z,Snow,26223.12
3270,Statewide,2007-01-07T00:00:00.000Z,Snow,1193.78
3271,Otero,2007-01-07T00:00:00.000Z,Snow,2249.42
3271,Otero,2007-01-07T00:00:00.000Z,Snow,18490.03
3270,Statewide,2007-01-07T00:00:00.000Z,Snow,10415.36
3270,Statewide,2007-01-07T00:00:00.000Z,Snow,1935.0
3270,Statewide,2007-01-07T00:00:00.000Z,Snow,11145.38
3270,Statewide,2007-01-07T00:00:00.000Z,Snow,1877.1
3270,Statewide,2007-01-07T00:00:00.000Z,Snow,1056.0
3270,Statewide,2007-01-07T00:00:00.000Z,Snow,175042.28
3270,Statewide,2007-01-07T00:00:00.000Z,Snow,1125.0
3271,Otero,2007-01-07T00:00:00.000Z,Snow,3938.7
3270,Statewide,2007-01-07T00:00:00.000Z,Snow,866.25
3270,Statewide,2007-01-07T00:00:00.000Z,Snow,1254.29
3270,Statewide,2007-01-07T00:00:00.000Z,Snow,42329.75
3270,Statewide,2007-01-07T00:00:00.000Z,Snow,1014.0
3271,Otero,2007-01-07T00:00:00.000Z,Snow,1003.5
3270,Statewide,2007-01-07T00:00:00.000Z,Snow,13878.07
3270,Statewide,2007-01-07T00:00:00.000Z,Snow,953.24
3270,Statewide,2007-01-07T00:00:00.000Z,Snow,3611.27
3270,Statewide,2007-01-07T00:00:00.000Z,Snow,36660.18
3270,Statewide,2007-01-07T00:00:00.000Z,Snow,6112.07
3270,Statewide,2007-01-07T00:00:00.000Z,Snow,33075.61
3270,Statewide,2007-01-07T00:00:00.000Z,Snow,1650.0
3270,Statewide,2007-01-07T00:00:00.000Z,Snow,9831.02
3271,Cheyenne,2007-01-07T00:00:00.000Z,Snow,16208.96
3271,Cheyenne,2007-01-07T00:00:00.000Z,Snow,1595.7
3271,Statewide,2007-01-07T00:00:00.000Z,Snow,1049.25
3270,Statewide,2007-01-07T00:00:00.000Z,Snow,24658.55
3271,Prowers,2007-01-07T00:00:00.000Z,Snow,75010.61
3270,Statewide,2007-01-07T00:00:00.000Z,Snow,2220.0
3270,Statewide,2007-01-07T00:00:00.000Z,Snow,750.0
3270,Statewide,2007-01-07T00:00:00.000Z,Snow,3660.99
3270,Washington,2007-01-07T00:00:00.000Z,Snow,36599.12
3270,Statewide,2007-01-07T00:00:00.000Z,Snow,12348.75
3270,Arapahoe,2007-01-07T00:00:00.000Z,Snow,77275.78
3270,Statewide,2007-01-07T00:00:00.000Z,Snow,5916.94
3270,Statewide,2007-01-07T00:00:00.000Z,Snow,1095.0
3270,Statewide,2007-01-07T00:00:00.000Z,Snow,6383.44
3270,Statewide,2007-01-07T00:00:00.000Z,Snow,5511.32
3270,Boulder,2007-01-07T00:00:00.000Z,Snow,42601.58
3270,Statewide,2007-01-07T00:00:00.000Z,Snow,763.79
3270,Douglas,2007-01-07T00:00:00.000Z,Snow,70283.85
3270,Statewide,2007-01-07T00:00:00.000Z,Snow,2580.59
3270,Statewide,2007-01-07T00:00:00.000Z,Snow,8202.95
3270,Statewide,2007-01-07T00:00:00.000Z,Snow,1285.91
3270,Statewide,2007-01-07T00:00:00.000Z,Snow,22484.06
3270,Statewide,2007-01-07T00:00:00.000Z,Snow,8803.42
3271,Prowers,2007-01-07T00:00:00.000Z,Snow,1291.59
3270,Statewide,2007-01-07T00:00:00.000Z,Snow,3922.5
3270,Statewide,2007-01-07T00:00:00.000Z,Snow,2056.88
3270,Statewide,2007-01-07T00:00:00.000Z,Snow,1130.29
3270,Adams,2007-01-07T00:00:00.000Z,Snow,4063.5
3271,Cheyenne,2007-01-07T00:00:00.000Z,Snow,3765.6
3271,Baca,2007-01-07T00:00:00.000Z,Snow,4242.34
3270,Statewide,2007-01-07T00:00:00.000Z,Snow,1681.22
3270,Statewide,2007-01-07T00:00:00.000Z,Snow,2953.46
3271,Las Animas,2007-01-07T00:00:00.000Z,Snow,48970.56
3270,Statewide,2007-01-07T00:00:00.000Z,Snow,918.13
3271,Las Animas,2007-01-07T00:00:00.000Z,Snow,1622.77
3271,Prowers,2007-01-07T00:00:00.000Z,Snow,4898.6
3270,Teller,2007-01-07T00:00:00.000Z,Snow,26566.77
3271,Bent,2007-01-07T00:00:00.000Z,Snow,56635.98
3271,Baca,2007-01-07T00:00:00.000Z,Snow,29242.61
3270,Statewide,2007-01-07T00:00:00.000Z,Snow,2741.81
3270,Statewide,2007-01-07T00:00:00.000Z,Snow,7020.0
3270,Statewide,2007-01-07T00:00:00.000Z,Snow,2222.32
3270,Statewide,2007-01-07T00:00:00.000Z,Snow,26253.75
3271,Bent,2007-01-07T00:00:00.000Z,Snow,14368.04
3270,Statewide,2007-01-07T00:00:00.000Z,Snow,1185.0
3270,Statewide,2007-01-07T00:00:00.000Z,Snow,18933.15
3270,Statewide,2007-01-07T00:00:00.000Z,Snow,6420.0
3270,Statewide,2007-01-07T00:00:00.000Z,Snow,691120.95
3270,Statewide,2007-01-07T00:00:00.000Z,Snow,23568.76
3270,Statewide,2007-01-07T00:00:00.000Z,Snow,8716.81
3270,Statewide,2007-01-07T00:00:00.000Z,Snow,3007.5
3271,Crowley,2007-01-07T00:00:00.000Z,Snow,1786.8
3271,Statewide,2007-01-07T00:00:00.000Z,Snow,2723.73
3271,Crowley,2007-01-07T00:00:00.000Z,Snow,1115.4
3271,Otero,2007-01-07T00:00:00.000Z,Snow,100917.19
3271,Huerfano,2007-01-07T00:00:00.000Z,Snow,13191.86
3270,Statewide,2007-01-07T00:00:00.000Z,Snow,16065.81
3270,Statewide,2007-01-07T00:00:00.000Z,Snow,0.0
3270,Statewide,2007-01-07T00:00:00.000Z,Snow,6120.0
3270,Statewide,2007-01-07T00:00:00.000Z,Snow,862.5
3270,Statewide,2007-01-07T00:00:00.000Z,Snow,1447.13
3271,Otero,2007-01-07T00:00:00.000Z,Snow,1191.23
3270,Statewide,2007-01-07T00:00:00.000Z,Snow,2059.13
3270,Statewide,2007-01-07T00:00:00.000Z,Snow,871.88
3270,Statewide,2007-01-07T00:00:00.000Z,Snow,1104.38
3270,Statewide,2007-01-07T00:00:00.000Z,Snow,1539.96
3271,Kiowa,2007-01-07T00:00:00.000Z,Snow,18652.13
3270,Statewide,2007-01-07T00:00:00.000Z,Snow,1730.03
3270,Statewide,2007-01-07T00:00:00.000Z,Snow,2740.35
3270,Douglas,2007-01-07T00:00:00.000Z,Snow,218722.5
3270,Statewide,2007-01-07T00:00:00.000Z,Snow,8708.49
3270,Statewide,2007-01-07T00:00:00.000Z,Snow,2362.5
3271,Crowley,2007-01-07T00:00:00.000Z,Snow,2008.46
3271,Huerfano,2007-01-07T00:00:00.000Z,Snow,4600.55
3270,Statewide,2007-01-07T00:00:00.000Z,Snow,8526.95
3270,Statewide,2007-01-07T00:00:00.000Z,Snow,3680.1
3271,Pueblo,2007-01-07T00:00:00.000Z,Snow,1425.0
3271,Baca,2007-01-07T00:00:00.000Z,Snow,61062.83
3270,Statewide,2007-01-07T00:00:00.000Z,Snow,123373.22
3270,Statewide,2007-01-07T00:00:00.000Z,Snow,9552.75
3270,Statewide,2007-01-07T00:00:00.000Z,Snow,1598.83
3271,Las Animas,2007-01-07T00:00:00.000Z,Snow,6017.42
3270,Statewide,2007-01-07T00:00:00.000Z,Snow,30659.21
3270,Statewide,2007-01-07T00:00:00.000Z,Snow,1878.75
3270,Statewide,2007-01-07T00:00:00.000Z,Snow,6123.35
3270,Statewide,2007-01-07T00:00:00.000Z,Snow,1507.5
3270,Statewide,2007-01-07T00:00:00.000Z,Snow,2019.38
3270,Statewide,2007-01-07T00:00:00.000Z,Snow,16097.24
3270,Statewide,2007-01-07T00:00:00.000Z,Snow,8165.25
3270,Statewide,2007-01-07T00:00:00.000Z,Snow,3019.13
3270,Statewide,2007-01-07T00:00:00.000Z,Snow,15169.03
3270,Statewide,2007-01-07T00:00:00.000Z,Snow,154540.35
3270,Washington,2007-01-07T00:00:00.000Z,Snow,2143.75
3270,Statewide,2007-01-07T00:00:00.000Z,Snow,9922.04
3270,Statewide,2007-01-07T00:00:00.000Z,Snow,15270.36
3270,Statewide,2007-01-07T00:00:00.000Z,Snow,5427.15
3271,Huerfano,2007-01-07T00:00:00.000Z,Snow,2081.72
3271,Las Animas,2007-01-07T00:00:00.000Z,Snow,750.0
3270,Statewide,2007-01-07T00:00:00.000Z,Snow,3584.48
3270,Statewide,2007-01-07T00:00:00.000Z,Snow,1928.33
3270,Statewide,2007-01-07T00:00:00.000Z,Snow,45493.48
3270,Washington,2007-01-07T00:00:00.000Z,Snow,12918.71
3270,Statewide,2007-01-07T00:00:00.000Z,Snow,3581.25
3271,Kiowa,2007-01-07T00:00:00.000Z,Snow,25165.73
3270,Statewide,2007-01-07T00:00:00.000Z,Snow,163268.98
3270,Statewide,2007-01-07T00:00:00.000Z,Snow,2848.5
3271,Las Animas,2007-01-07T00:00:00.000Z,Snow,2025.0
3270,Teller,2007-01-07T00:00:00.000Z,Snow,15662.73
3271,Crowley,2007-01-07T00:00:00.000Z,Snow,10252.7
3270,Statewide,2007-01-07T00:00:00.000Z,Snow,39087.49
3271,Prowers,2007-01-07T00:00:00.000Z,Snow,2461.03
3270,Statewide,2007-01-07T00:00:00.000Z,Snow,2403.0
3270,Statewide,2007-01-07T00:00:00.000Z,Snow,3923.8
3270,Arapahoe,2007-01-07T00:00:00.000Z,Snow,33903.82
3271,Las Animas,2007-01-07T00:00:00.000Z,Snow,183691.38
3270,Teller,2007-01-07T00:00:00.000Z,Snow,1321.37
3270,Boulder,2007-01-07T00:00:00.000Z,Snow,870.0
3271,Prowers,2007-01-07T00:00:00.000Z,Snow,61339.31
3270,Arapahoe,2007-01-07T00:00:00.000Z,Snow,3092.33
3270,Statewide,2007-01-07T00:00:00.000Z,Snow,1197.19
3270,Statewide,2007-01-07T00:00:00.000Z,Snow,10944.35
3270,Statewide,2007-01-07T00:00:00.000Z,Snow,3041.55
3270,Statewide,2007-01-07T00:00:00.000Z,Snow,17717.27
3270,Statewide,2007-01-07T00:00:00.000Z,Snow,1999.13
3270,Arapahoe,2007-01-07T00:00:00.000Z,Snow,503430.7
3271,Pueblo,2007-01-07T00:00:00.000Z,Snow,48946.5
3271,Crowley,2007-01-07T00:00:00.000Z,Snow,1137.58
3270,Statewide,2007-01-07T00:00:00.000Z,Snow,48532.67
3270,Arapahoe,2007-01-07T00:00:00.000Z,Snow,97462.52
3270,Statewide,2007-01-07T00:00:00.000Z,Snow,855.0
3270,Statewide,2007-01-07T00:00:00.000Z,Snow,825.0
3270,Statewide,2007-01-07T00:00:00.000Z,Snow,1426.8
3271,Statewide,2007-01-07T00:00:00.000Z,Snow,162039.88
3271,Statewide,2007-01-07T00:00:00.000Z,Snow,8109.77
3271,Statewide,2007-01-07T00:00:00.000Z,Snow,1849.52
3271,Statewide,2007-01-07T00:00:00.000Z,Snow,5011.88
3271,Statewide,2007-01-07T00:00:00.000Z,Snow,3768.37
3271,Statewide,2007-01-07T00:00:00.000Z,Snow,3391.32
3271,Statewide,2007-01-07T00:00:00.000Z,Snow,2531.25
3271,Statewide,2007-01-07T00:00:00.000Z,Snow,2080.43
3271,Statewide,2007-01-07T00:00:00.000Z,Snow,0.0
3271,Statewide,2007-01-07T00:00:00.000Z,Snow,18201.02
3271,Statewide,2007-01-07T00:00:00.000Z,Snow,2604.62
3271,Statewide,2007-01-07T00:00:00.000Z,Snow,2731.88
3271,Statewide,2007-01-07T00:00:00.000Z,Snow,2951.55
3271,Statewide,2007-01-07T00:00:00.000Z,Snow,2363.25
3271,Statewide,2007-01-07T00:00:00.000Z,Snow,3839.63
3271,Statewide,2007-01-07T00:00:00.000Z,Snow,5533.35
3271,Statewide,2007-01-07T00:00:00.000Z,Snow,1492.27
3271,Statewide,2007-01-07T00:00:00.000Z,Snow,817.5
3271,Statewide,2007-01-07T00:00:00.000Z,Snow,1047.0
3271,Statewide,2007-01-07T00:00:00.000Z,Snow,2454.75
3271,Statewide,2007-01-07T00:00:00.000Z,Snow,93597.89
3271,Statewide,2007-01-07T00:00:00.000Z,Snow,2728.37
3271,Statewide,2007-01-07T00:00:00.000Z,Snow,7030.63
3271,Statewide,2007-01-07T00:00:00.000Z,Snow,13320.68
3271,Statewide,2007-01-07T00:00:00.000Z,Snow,2651.99
3271,Statewide,2007-01-07T00:00:00.000Z,Snow,786.19
3271,Statewide,2007-01-07T00:00:00.000Z,Snow,4881.06
3271,Statewide,2007-01-07T00:00:00.000Z,Snow,1702.95
3271,Statewide,2007-01-07T00:00:00.000Z,Snow,1736.94
4067,El Paso,2012-06-28T00:00:00.000Z,Fire,1449088.74
4067,El Paso,2012-06-28T00:00:00.000Z,Fire,3445.16
4067,El Paso,2012-06-28T00:00:00.000Z,Fire,9993.19
4067,Larimer,2012-06-28T00:00:00.000Z,Fire,6642.97
4067,El Paso,2012-06-28T00:00:00.000Z,Fire,150979.67
4067,Statewide,2012-06-28T00:00:00.000Z,Fire,77316.61
4067,Teller,2012-06-28T00:00:00.000Z,Fire,24000.6
4067,Statewide,2012-06-28T00:00:00.000Z,Fire,599512.73
4067,Teller,2012-06-28T00:00:00.000Z,Fire,22207.94
4067,Teller,2012-06-28T00:00:00.000Z,Fire,42931.25
4067,Larimer,2012-06-28T00:00:00.000Z,Fire,26652.71
4067,Statewide,2012-06-28T00:00:00.000Z,Fire,1058010.36
4067,Larimer,2012-06-28T00:00:00.000Z,Fire,7751.63
4067,Larimer,2012-06-28T00:00:00.000Z,Fire,418887.99
4067,El Paso,2012-06-28T00:00:00.000Z,Fire,33344.69
4067,Larimer,2012-06-28T00:00:00.000Z,Fire,3287.28
4067,Teller,2012-06-28T00:00:00.000Z,Fire,9789.0
4067,Statewide,2012-06-28T00:00:00.000Z,Fire,92103.5
4067,Larimer,2012-06-28T00:00:00.000Z,Fire,8094.63
4067,Teller,2012-06-28T00:00:00.000Z,Fire,2752.36
4133,Fremont,2013-07-26T00:00:00.000Z,Fire,2258.38
4134,El Paso,2013-07-26T00:00:00.000Z,Fire,164452.26
4133,Statewide,2013-07-26T00:00:00.000Z,Fire,44108.46
4134,Statewide,2013-07-26T00:00:00.000Z,Fire,87499.45
4134,El Paso,2013-07-26T00:00:00.000Z,Fire,4911224.32
4133,Statewide,2013-07-26T00:00:00.000Z,Fire,4507.1
4134,Statewide,2013-07-26T00:00:00.000Z,Fire,76306.02
4133,Fremont,2013-07-26T00:00:00.000Z,Fire,103697.65
4133,Statewide,2013-07-26T00:00:00.000Z,Fire,6385.76
4134,El Paso,2013-07-26T00:00:00.000Z,Fire,1351185.02
4134,El Paso,2013-07-26T00:00:00.000Z,Fire,27075.01
4133,Fremont,2013-07-26T00:00:00.000Z,Fire,12401.04
4145,Jefferson,2013-09-14T00:00:00.000Z,Flood,2284.52
4145,El Paso,2013-09-14T00:00:00.000Z,Flood,1552673.41
4145,Lake,2013-09-14T00:00:00.000Z,Flood,96318.39
4145,Adams,2013-09-14T00:00:00.000Z,Flood,803024.98
4145,Jefferson,2013-09-14T00:00:00.000Z,Flood,4286232.72
4145,Boulder,2013-09-14T00:00:00.000Z,Flood,369081.53
4145,Boulder,2013-09-14T00:00:00.000Z,Flood,1019004.5
4145,Larimer,2013-09-14T00:00:00.000Z,Flood,17377.88
4145,Larimer,2013-09-14T00:00:00.000Z,Flood,321781.42
4145,Boulder,2013-09-14T00:00:00.000Z,Flood,35712.65
4145,Boulder,2013-09-14T00:00:00.000Z,Flood,237048.75
4145,Boulder,2013-09-14T00:00:00.000Z,Flood,38285.95
4145,Boulder,2013-09-14T00:00:00.000Z,Flood,9532.01
4145,Adams,2013-09-14T00:00:00.000Z,Flood,12372.06
4145,Boulder,2013-09-14T00:00:00.000Z,Flood,14098.68
4145,Adams,2013-09-14T00:00:00.000Z,Flood,16922.7
4145,Adams,2013-09-14T00:00:00.000Z,Flood,102838.09
4145,El Paso,2013-09-14T00:00:00.000Z,Flood,320914.5
4145,Jefferson,2013-09-14T00:00:00.000Z,Flood,28184.99
4145,Larimer,2013-09-14T00:00:00.000Z,Flood,23967.4
4145,Jefferson,2013-09-14T00:00:00.000Z,Flood,130333.27
4145,Larimer,2013-09-14T00:00:00.000Z,Flood,1400917.27
4145,Boulder,2013-09-14T00:00:00.000Z,Flood,27338387.84
4145,Arapahoe,2013-09-14T00:00:00.000Z,Flood,16481.87
4145,Boulder,2013-09-14T00:00:00.000Z,Flood,122450.18
4145,Crowley,2013-09-14T00:00:00.000Z,Flood,239575.74
4145,Boulder,2013-09-14T00:00:00.000Z,Flood,4882.51
4145,Jefferson,2013-09-14T00:00:00.000Z,Flood,52156.7
4145,Gilpin,2013-09-14T00:00:00.000Z,Flood,335992.57
4145,El Paso,2013-09-14T00:00:00.000Z,Flood,290019.66
4145,Boulder,2013-09-14T00:00:00.000Z,Flood,437189.27
4145,Boulder,2013-09-14T00:00:00.000Z,Flood,1572546.24
4145,Jefferson,2013-09-14T00:00:00.000Z,Flood,9528.19
4145,Boulder,2013-09-14T00:00:00.000Z,Flood,3386.36
4145,Clear Creek,2013-09-14T00:00:00.000Z,Flood,944748.81
4145,Larimer,2013-09-14T00:00:00.000Z,Flood,59983.44
4145,Jefferson,2013-09-14T00:00:00.000Z,Flood,154219.5
4145,Larimer,2013-09-14T00:00:00.000Z,Flood,23121.99
4145,Boulder,2013-09-14T00:00:00.000Z,Flood,46445.83
4145,Arapahoe,2013-09-14T00:00:00.000Z,Flood,2044569.18
4145,Adams,2013-09-14T00:00:00.000Z,Flood,4368.75
4145,Boulder,2013-09-14T00:00:00.000Z,Flood,46654.25
4145,Larimer,2013-09-14T00:00:00.000Z,Flood,34194.99
4145,Lake,2013-09-14T00:00:00.000Z,Flood,14593.45
4145,Jefferson,2013-09-14T00:00:00.000Z,Flood,28214.55
4145,Adams,2013-09-14T00:00:00.000Z,Flood,388974.78
4145,Larimer,2013-09-14T00:00:00.000Z,Flood,25698.99
4145,Larimer,2013-09-14T00:00:00.000Z,Flood,508748.3
4145,El Paso,2013-09-14T00:00:00.000Z,Flood,68157.05
4145,Larimer,2013-09-14T00:00:00.000Z,Flood,2334.31
4145,Boulder,2013-09-14T00:00:00.000Z,Flood,856141.66
4145,Jefferson,2013-09-14T00:00:00.000Z,Flood,632883.11
4145,Jefferson,2013-09-14T00:00:00.000Z,Flood,30947.66
4145,Larimer,2013-09-14T00:00:00.000Z,Flood,10746.7
4145,El Paso,2013-09-14T00:00:00.000Z,Flood,536863.64
4145,Larimer,2013-09-14T00:00:00.000Z,Flood,0.0
4145,Boulder,2013-09-14T00:00:00.000Z,Flood,9581466.49
4145,Boulder,2013-09-14T00:00:00.000Z,Flood,191192.5
4145,Boulder,2013-09-14T00:00:00.000Z,Flood,6738.69
4145,Larimer,2013-09-14T00:00:00.000Z,Flood,551441.54
4145,Boulder,2013-09-14T00:00:00.000Z,Flood,6984327.22
4145,El Paso,2013-09-14T00:00:00.000Z,Flood,33254.58
4145,Jefferson,2013-09-14T00:00:00.000Z,Flood,1279345.8
4145,Boulder,2013-09-14T00:00:00.000Z,Flood,89628.51
4145,Boulder,2013-09-14T00:00:00.000Z,Flood,87044.58
4145,Arapahoe,2013-09-14T00:00:00.000Z,Flood,25406.63
4145,El Paso,2013-09-14T00:00:00.000Z,Flood,902138.29
4145,Larimer,2013-09-14T00:00:00.000Z,Flood,4578802.56
4145,Arapahoe,2013-09-14T00:00:00.000Z,Flood,240134.1
4145,Arapahoe,2013-09-14T00:00:00.000Z,Flood,86295.97
4145,Boulder,2013-09-14T00:00:00.000Z,Flood,69282349.43
4145,Fremont,2013-09-14T00:00:00.000Z,Flood,114388.32
4145,Boulder,2013-09-14T00:00:00.000Z,Flood,346331.28
4145,Jefferson,2013-09-14T00:00:00.000Z,Flood,18089.0
4145,Jefferson,2013-09-14T00:00:00.000Z,Flood,29773.39
4145,Larimer,2013-09-14T00:00:00.000Z,Flood,3406.21
4145,Larimer,2013-09-14T00:00:00.000Z,Flood,17876651.57
4145,Larimer,2013-09-14T00:00:00.000Z,Flood,9206.98
4145,Denver,2013-09-14T00:00:00.000Z,Flood,33401.98
4145,Adams,2013-09-14T00:00:00.000Z,Flood,47782.75
4145,Boulder,2013-09-14T00:00:00.000Z,Flood,3064888.48
4145,Arapahoe,2013-09-14T00:00:00.000Z,Flood,42851.25
4145,Boulder,2013-09-14T00:00:00.000Z,Flood,83458.34
4145,Boulder,2013-09-14T00:00:00.000Z,Flood,33793.9
4145,Adams,2013-09-14T00:00:00.000Z,Flood,116263.51
4145,Gilpin,2013-09-14T00:00:00.000Z,Flood,258204.67
4145,Adams,2013-09-14T00:00:00.000Z,Flood,570135.81
4145,Boulder,2013-09-14T00:00:00.000Z,Flood,3369.52
4145,Fremont,2013-09-14T00:00:00.000Z,Flood,19036.01
4145,Fremont,2013-09-14T00:00:00.000Z,Flood,6005.72
4145,Jefferson,2013-09-14T00:00:00.000Z,Flood,7870.27
4145,Boulder,2013-09-14T00:00:00.000Z,Flood,19006.1
4145,Adams,2013-09-14T00:00:00.000Z,Flood,1539502.43
4145,Boulder,2013-09-14T00:00:00.000Z,Flood,474948.31
4145,Boulder,2013-09-14T00:00:00.000Z,Flood,796952.41
4145,Larimer,2013-09-14T00:00:00.000Z,Flood,4465.27
4145,Jefferson,2013-09-14T00:00:00.000Z,Flood,16355.54
4145,Jefferson,2013-09-14T00:00:00.000Z,Flood,627505.85
4145,El Paso,2013-09-14T00:00:00.000Z,Flood,3805669.21
4145,Clear Creek,2013-09-14T00:00:00.000Z,Flood,44761.17
4145,Adams,2013-09-14T00:00:00.000Z,Flood,606646.84
4145,Larimer,2013-09-14T00:00:00.000Z,Flood,64684.61
4145,Clear Creek,2013-09-14T00:00:00.000Z,Flood,21798.8
4145,Broomfield,2013-09-14T00:00:00.000Z,Flood,342482.0
4145,Boulder,2013-09-14T00:00:00.000Z,Flood,633584.58
4145,Larimer,2013-09-14T00:00:00.000Z,Flood,2099473.6
4145,Larimer,2013-09-14T00:00:00.000Z,Flood,1559142.13
4145,Larimer,2013-09-14T00:00:00.000Z,Flood,1334904.07
4145,Denver,2013-09-14T00:00:00.000Z,Flood,0.0
4145,Jefferson,2013-09-14T00:00:00.000Z,Flood,40086.2
4145,Jefferson,2013-09-14T00:00:00.000Z,Flood,169490.88
4145,Fremont,2013-09-14T00:00:00.000Z,Flood,165353.81
4145,Boulder,2013-09-14T00:00:00.000Z,Flood,26755.82
4145,Larimer,2013-09-14T00:00:00.000Z,Flood,37644218.38
4145,Fremont,2013-09-14T00:00:00.000Z,Flood,77847.36
4145,Boulder,2013-09-14T00:00:00.000Z,Flood,34575.53
4145,Boulder,2013-09-14T00:00:00.000Z,Flood,142401.68
4145,Fremont,2013-09-14T00:00:00.000Z,Flood,302471.2
4145,Boulder,2013-09-14T00:00:00.000Z,Flood,5333.53
4145,Larimer,2013-09-14T00:00:00.000Z,Flood,428863.87
4145,Boulder,2013-09-14T00:00:00.000Z,Flood,41184508.44
4145,Boulder,2013-09-14T00:00:00.000Z,Flood,92747.96
4145,Boulder,2013-09-14T00:00:00.000Z,Flood,289616.61
4145,Adams,2013-09-14T00:00:00.000Z,Flood,16471.88
4145,Boulder,2013-09-14T00:00:00.000Z,Flood,29158.14
4145,Arapahoe,2013-09-14T00:00:00.000Z,Flood,16690.63
4145,Boulder,2013-09-14T00:00:00.000Z,Flood,84086.5
4145,Boulder,2013-09-14T00:00:00.000Z,Flood,488281.69
4145,Boulder,2013-09-14T00:00:00.000Z,Flood,284653.74
4145,Adams,2013-09-14T00:00:00.000Z,Flood,2667.73
4145,Boulder,2013-09-14T00:00:00.000Z,Flood,14444731.98
4145,Boulder,2013-09-14T00:00:00.000Z,Flood,243525.75
4145,Boulder,2013-09-14T00:00:00.000Z,Flood,55964.63
4145,Larimer,2013-09-14T00:00:00.000Z,Flood,79446.52
4145,Larimer,2013-09-14T00:00:00.000Z,Flood,494922.81
4145,Larimer,2013-09-14T00:00:00.000Z,Flood,8042.76
4145,Jefferson,2013-09-14T00:00:00.000Z,Flood,42721.16
4145,Jefferson,2013-09-14T00:00:00.000Z,Flood,58204.6
4145,Adams,2013-09-14T00:00:00.000Z,Flood,115997.16
4145,Fremont,2013-09-14T00:00:00.000Z,Flood,75004.94
4145,Boulder,2013-09-14T00:00:00.000Z,Flood,1376981.72
4145,Adams,2013-09-14T00:00:00.000Z,Flood,668920.52
4145,Boulder,2013-09-14T00:00:00.000Z,Flood,146019.55
4145,Boulder,2013-09-14T00:00:00.000Z,Flood,789400.25
4145,Denver,2013-09-14T00:00:00.000Z,Flood,2316372.29
4145,Larimer,2013-09-14T00:00:00.000Z,Flood,6494.09
4145,Larimer,2013-09-14T00:00:00.000Z,Flood,33647.92
4145,Statewide,2013-09-14T00:00:00.000Z,Flood,6951.17
4145,Logan,2013-09-14T00:00:00.000Z,Flood,1067.51
4145,Weld,2013-09-14T00:00:00.000Z,Flood,69528.89
4145,Morgan,2013-09-14T00:00:00.000Z,Flood,1018590.86
4145,Weld,2013-09-14T00:00:00.000Z,Flood,22859.34
4145,Weld,2013-09-14T00:00:00.000Z,Flood,183916.09
4145,Larimer,2013-09-14T00:00:00.000Z,Flood,2672.25
4145,Morgan,2013-09-14T00:00:00.000Z,Flood,11074.73
4145,Weld,2013-09-14T00:00:00.000Z,Flood,78968.08
4145,Statewide,2013-09-14T00:00:00.000Z,Flood,275302.16
4145,Weld,2013-09-14T00:00:00.000Z,Flood,83047.66
4145,Logan,2013-09-14T00:00:00.000Z,Flood,370280.56
4145,Statewide,2013-09-14T00:00:00.000Z,Flood,26453.63
4145,Weld,2013-09-14T00:00:00.000Z,Flood,15041.84
4145,Weld,2013-09-14T00:00:00.000Z,Flood,51198.52
4145,Statewide,2013-09-14T00:00:00.000Z,Flood,3876.9
4145,Larimer,2013-09-14T00:00:00.000Z,Flood,3745.35
4145,Weld,2013-09-14T00:00:00.000Z,Flood,22025.5
4145,Weld,2013-09-14T00:00:00.000Z,Flood,42360.8
4145,Weld,2013-09-14T00:00:00.000Z,Flood,7586.66
4145,Morgan,2013-09-14T00:00:00.000Z,Flood,92156.38
4145,Statewide,2013-09-14T00:00:00.000Z,Flood,0.0
4145,Statewide,2013-09-14T00:00:00.000Z,Flood,79667.82
4145,Weld,2013-09-14T00:00:00.000Z,Flood,1808945.27
4145,Morgan,2013-09-14T00:00:00.000Z,Flood,925.23
4145,Weld,2013-09-14T00:00:00.000Z,Flood,102925.94
4145,Sedgwick,2013-09-14T00:00:00.000Z,Flood,8649.96
4145,Morgan,2013-09-14T00:00:00.000Z,Flood,271233.24
4145,Weld,2013-09-14T00:00:00.000Z,Flood,149311.35
4145,Weld,2013-09-14T00:00:00.000Z,Flood,1794332.91
4145,Statewide,2013-09-14T00:00:00.000Z,Flood,824579.02
4145,Statewide,2013-09-14T00:00:00.000Z,Flood,48261.75
4145,Statewide,2013-09-14T00:00:00.000Z,Flood,7263917.27
4145,Weld,2013-09-14T00:00:00.000Z,Flood,5764239.94
4145,Larimer,2013-09-14T00:00:00.000Z,Flood,10431.47
4145,Sedgwick,2013-09-14T00:00:00.000Z,Flood,11967.85
4145,Logan,2013-09-14T00:00:00.000Z,Flood,14953.45
4145,Weld,2013-09-14T00:00:00.000Z,Flood,2146.07
4145,Weld,2013-09-14T00:00:00.000Z,Flood,233549.05
4145,Weld,2013-09-14T00:00:00.000Z,Flood,1061.09
4145,Statewide,2013-09-14T00:00:00.000Z,Flood,3625271.47
4145,Logan,2013-09-14T00:00:00.000Z,Flood,176455.63
4145,Statewide,2013-09-14T00:00:00.000Z,Flood,941362.2
4145,Statewide,2013-09-14T00:00:00.000Z,Flood,19694585.11
4145,Logan,2013-09-14T00:00:00.000Z,Flood,6246.4
4145,Weld,2013-09-14T00:00:00.000Z,Flood,4004.9
4145,Statewide,2013-09-14T00:00:00.000Z,Flood,30848.96
4145,Morgan,2013-09-14T00:00:00.000Z,Flood,730681.48
4145,Logan,2013-09-14T00:00:00.000Z,Flood,17162.1
4145,Morgan,2013-09-14T00:00:00.000Z,Flood,27238.44
4145,Statewide,2013-09-14T00:00:00.000Z,Flood,1769794.5
4145,Weld,2013-09-14T00:00:00.000Z,Flood,481093.16
4145,Weld,2013-09-14T00:00:00.000Z,Flood,378690.6
4145,Weld,2013-09-14T00:00:00.000Z,Flood,1218117.03
4145,Weld,2013-09-14T00:00:00.000Z,Flood,115503.7
4145,Washington,2013-09-14T00:00:00.000Z,Flood,277783.15
4145,Logan,2013-09-14T00:00:00.000Z,Flood,2711.63
4145,Weld,2013-09-14T00:00:00.000Z,Flood,7344499.44
4145,Weld,2013-09-14T00:00:00.000Z,Flood,81277.28
4145,Statewide,2013-09-14T00:00:00.000Z,Flood,14362.5
4145,Weld,2013-09-14T00:00:00.000Z,Flood,8851.99
4145,Weld,2013-09-14T00:00:00.000Z,Flood,291524.16
4145,Larimer,2013-09-14T00:00:00.000Z,Flood,6905556.01
4145,Morgan,2013-09-14T00:00:00.000Z,Flood,749738.28
4145,Logan,2013-09-14T00:00:00.000Z,Flood,1165.5
4145,Lincoln,2013-09-14T00:00:00.000Z,Flood,70299.93
4145,Weld,2013-09-14T00:00:00.000Z,Flood,221569.28
4229,Larimer,2015-07-16T00:00:00.000Z,Flood,217598.65
4229,Fremont,2015-07-16T00:00:00.000Z,Flood,121079.25
4229,Fremont,2015-07-16T00:00:00.000Z,Flood,470843.31
4229,Adams,2015-07-16T00:00:00.000Z,Flood,568530.08
4229,Adams,2015-07-16T00:00:00.000Z,Flood,4568227.76
4229,Morgan,2015-07-16T00:00:00.000Z,Flood,134912.84
4229,Logan,2015-07-16T00:00:00.000Z,Flood,529013.77
4229,Elbert,2015-07-16T00:00:00.000Z,Flood,473621.19
4229,Elbert,2015-07-16T00:00:00.000Z,Flood,504408.0
4229,El Paso,2015-07-16T00:00:00.000Z,Flood,4731166.57
4229,El Paso,2015-07-16T00:00:00.000Z,Flood,3353489.91
4229,El Paso,2015-07-16T00:00:00.000Z,Flood,148298.25
4229,Logan,2015-07-16T00:00:00.000Z,Flood,2006.61
4229,El Paso,2015-07-16T00:00:00.000Z,Flood,464050.96
4229,Fremont,2015-07-16T00:00:00.000Z,Flood,84359.81
4229,Denver,2015-07-16T00:00:00.000Z,Flood,30746.02
4229,Boulder,2015-07-16T00:00:00.000Z,Flood,426846.09
4229,El Paso,2015-07-16T00:00:00.000Z,Flood,174706.26
4229,Adams,2015-07-16T00:00:00.000Z,Flood,106884.89
4229,El Paso,2015-07-16T00:00:00.000Z,Flood,53907.77
4229,Boulder,2015-07-16T00:00:00.000Z,Flood,684640.55
4229,Boulder,2015-07-16T00:00:00.000Z,Flood,1042092.81
4229,El Paso,2015-07-16T00:00:00.000Z,Flood,15453.64
4229,Morgan,2015-07-16T00:00:00.000Z,Flood,74095.54
4229,Denver,2015-07-16T00:00:00.000Z,Flood,0.0
4229,Logan,2015-07-16T00:00:00.000Z,Flood,795480.53
4229,Adams,2015-07-16T00:00:00.000Z,Flood,444595.5
4229,Park,2015-07-16T00:00:00.000Z,Flood,77493.59
4229,Morgan,2015-07-16T00:00:00.000Z,Flood,431676.49
4229,Fremont,2015-07-16T00:00:00.000Z,Flood,90210.57
4229,Park,2015-07-16T00:00:00.000Z,Flood,312765.0
4229,Fremont,2015-07-16T00:00:00.000Z,Flood,10159.44
4229,El Paso,2015-07-16T00:00:00.000Z,Flood,705103.38
4229,Baca,2015-07-16T00:00:00.000Z,Flood,7190.85
4229,Morgan,2015-07-16T00:00:00.000Z,Flood,31012.14
4229,Washington,2015-07-16T00:00:00.000Z,Flood,12277.59
4229,Statewide,2015-07-16T00:00:00.000Z,Flood,1411979.24
4229,Weld,2015-07-16T00:00:00.000Z,Flood,178045.55
4229,Yuma,2015-07-16T00:00:00.000Z,Flood,294169.84
4229,Statewide,2015-07-16T00:00:00.000Z,Flood,25320.03
4229,Statewide,2015-07-16T00:00:00.000Z,Flood,103586.36
4229,Statewide,2015-07-16T00:00:00.000Z,Flood,721199.42
4229,Statewide,2015-07-16T00:00:00.000Z,Flood,82817.24
4229,Pueblo,2015-07-16T00:00:00.000Z,Flood,166348.81
4229,Pueblo,2015-07-16T00:00:00.000Z,Flood,1134940.53
4229,Saguache,2015-07-16T00:00:00.000Z,Flood,86615.39
